Name,Description,Social URLs,City,Phones,company_clean,Final Email
Local Motion Moving Company,"Trusted Local Motion Moving Company offers a range of moving services including packing, storage, and general moving assistance. Their main functionality is to provide trained and background-checked movers who can handle various aspects of the move process, such as heavy lifting, packing, and storage solutions. They also offer free estimates for local moves and have experience in multiple neighborhoods across Minnesota and beyond, ensuring personalized support throughout the moving process.","https://www.linkedin.com/company/local-motion-moving, https://www.instagram.com/localmotionmn, https://twitter.com/localmotionmn",Maple Grove,+19524746683,Local Motion Moving,david.seeley@localmotion.com
Red Shoe Movers,"Red Shoe Movers is a moving company that offers home and art installation services. They provide professional moving assistance, including furniture delivery, unpacking, and assembly, using their fleet of vehicles such as a van and box truck. The company emphasizes quality service, customer satisfaction, and ongoing communication throughout the moving process.",,Asheville,"+18282422626, +18284123960",Red Shoe Movers,dispatch@redshoemovers.com
Ortega's Moving & Delivery,"Ortega's Moving & Delivery is a family-owned business that provides moving services for both residential and commercial clients in Orange County. Their main offerings include home storage, packing, shipping, and donation options. They also provide a receiving hub for local designers and offer custom crate builds for safe shipping. The company has been serving the community since 2005 and emphasizes personalized service and 24/7 monitoring for their clients.","https://www.instagram.com/ortegasinc, https://www.yelp.com/biz/ortegas-delivery-service-costa-mesa-2?utm_campaign=www_business_share_popup&utm_medium=copy_link&utm_source=(direct)",Costa Mesa,+19496453200,Ortega's Moving & Delivery,service@ortegasinc.com
A-$AV-ON Moving Ltd.,"A Moving Company in Calgary offers a range of moving and relocation services for both residential and commercial clients. They provide free estimates, packing materials, and assistance with furniture transfers, ensuring reliable service throughout the moving process. With over 25 years of experience, they emphasize customer satisfaction and have received multiple accreditations for their quality services. The company also offers office relocations and provides support for those relocating to Western Canada.",,Calgary,+14032088060,A-$AV-ON Moving,asavonmoving@shaw.ca
Cheep Cheet Movers,"Cheep Cheep Movers is a local moving service based in Minneapolis that offers various moving solutions, including local moves, loading and unloading, and specialized services like indoor and outdoor relocations. The company focuses on providing personalized support throughout the moving process to ensure a stress-free experience for clients. Customers can request free estimates and choose from different types of moving services tailored to their needs.",,Minneapolis,,Cheep Cheet Movers,info@cheepcheepmovers.com
Aloha Isle Moving,"Aloha Isle Moving is a transportation service that specializes in personal and business moves across Hawaii. The company offers transportation solutions for both local and long-term moving needs, including the relocation of household items like dryers and furniture. Customers can request quotes for their moving requirements through the website, which also features customer testimonials highlighting their professional service and professionalism.",https://www.linkedin.com/company/aloha-isle-moving-inc,Lihue,"+18082451985, +18082452079",Aloha Isle Moving,aim@alohaislemoving.com
"Modular Interiors, Inc.","Modular Interiors is a company that provides furniture and moving services across various locations in the United States. Their main functionality includes offering tailored solutions for home improvement, renovations, and repairs, ensuring clients receive expert guidance throughout their moves. Key features include a focus on quality service, quick turnaround times, and a commitment to customer satisfaction with transparent pricing without hidden fees.","https://www.linkedin.com/company/modular-interiors-inc., https://instagram.com/modularinteriorsinc, https://twitter.com/modularint",Denver,"+13037730027, +18334452385",Modular Interiors,mi@modularinteriors.net
"Texas Moving Company, Inc.","Texas Moving Company offers relocation services specializing in data center equipment, office and industrial moves, electronic transportation, hazardous material transportation, and storage solutions. Their main functionality includes providing professional moving assistance for various sectors such as government offices, schools, banks, and hospitals, ensuring personal accountability for high-value items through their own fleet of trucks. They offer customized insurance coverage plans that include 24/7 customer log-in access to track the load and provide a no-obligation quote process for potential clients.",https://www.linkedin.com/company/texas-moving-co.-inc.,The Colony,"+19722346371, +18008626683, +19724375342",Texas Moving,operations@texasmoving.com
Mister Movers,"Mistermovers.com is a moving company that provides a variety of moving services, including packing, loading, transportation, and unpacking. Founded in 2011, the company focuses on delivering a stress-free moving experience through experienced professionals who are dedicated to customer satisfaction. They offer free quotes for their moving services and maintain communication throughout the move process to ensure quality service.",,Mendota Heights,+19522171749,Mister Movers,moving@mistermovers.com
"Primary Source Installation, Inc.","Primary Source Installation (PSI) is a furniture installation company based in Central Arizona and Southern California. They provide services such as custom furniture installation, white glove delivery, warehousing, transportation, and inventory management for high-end residential properties, including model homes and senior living communities. PSI emphasizes customer satisfaction and offers personalized project solutions tailored to client needs, ensuring product safety through advanced inspection processes and secure storage options. Their team has over 25 years of experience and works closely with clients across various industries.","https://www.facebook.com/primarysourceinstallationaz, https://www.instagram.com/primarysourceinstallation, https://www.instagram.com/primarysourceinstallation/?utm_source=ig_embed&utm_campaign=loading",Prescott Valley,"+17142316459, +18002102177, +19287921043",Primary Source Installation,kristy@primarysourceinstallation.com
"Medina Movers, LLC","Medina Movers is a moving company that provides professional moving services across New England, including Rhode Island, Massachusetts, Connecticut, New Hampshire, and Vermont. They offer a range of services such as residential moves, packing, and unpacking, with options for affordable pricing and specialized packages. The company emphasizes customer satisfaction and aims to deliver reliable moving solutions tailored to individual needs.","https://www.instagram.com/medinamovers, https://yelp.com/biz/medina-movers-boston-3?utm_medium=badge_button&utm_source=biz_review_badge",,+16174463312,Medina Movers,customerservice@medinamovers.com
Inbox Movers,"Inbox Movers is a moving service that offers long-distance and commercial moving solutions. They provide professional packing, transportation, and home cleaning services to ensure safe and timely movement of goods. Their storage facilities are designed for efficient management of belongings, and they offer competitive pricing based on the total cost of the move. Customers can request quotes, book services, and access information through their blog.",,Las Vegas,+18555803111,Inbox Movers,info@inboxmovers.com
Paragon Moving & Storage,"Paragon Moving & Storage is a local moving company that offers a range of services including long-distance moving, local moving, international moving, packing, car shipping, and storage solutions. They provide professional movers and packers who ensure the safe movement of items, with a focus on clear communication and upfront pricing to build trust with customers. Key features include fully insured and clean trucks, expert packing services, and a commitment to customer satisfaction through reliable service and transparent pricing.",https://www.yelp.com/biz/paragon-moving-and-storage-commerce-city,Denver,"+17204145625, +18003090789",Paragon Moving & Storage,info@paragonmovers.com
Celoxia,"Celoxia offers a range of services focused on enhancing comfort and efficiency in homes, offices, and hospitality venues. Their main functionalities include home cleaning, office cleaning, smart home integration with energy management systems, and professional moving services. Celoxia aims to simplify the cleaning process for customers by providing tailored solutions that improve overall living conditions and productivity.",,Halifax,"+19027971230, +19024067662",Celoxia,fredericton@celoxia.com
Max Moves,"Max Moves is a moving company that offers a range of services including packing, unpacking, and cleaning for both residential and commercial clients. Their main functionality is to provide safe and efficient moving solutions tailored to individual needs, ensuring customer safety and satisfaction throughout the move process. Key features include free shipping on orders over $1 million, a commitment to quality service with no hidden fees, and a focus on customer support during moving processes.",https://www.facebook.com/maxmovesthespacecoast,New York,,Max Moves,info@maxmoves.me
MOVERSTOGO,"Moverstogo is a moving company that offers a variety of moving services for both residential and long-distance needs. Their main functionalities include packing, unpacking, medical moving, hotel moving, office moving, carpentry moving, art and antiques moving, electronics moving, and furniture relocation. The company emphasizes customer service, providing trained movers who prioritize the best possible solutions and ensuring timely and professional support throughout the moving process.",,Huntingdon Valley,+14454448100,MOVERSTOGO,info@moverstogo.com
The Moving Company,"The Moving Company offers local and long-distance moving services for both residential and commercial clients. Their team consists of project managers who focus on providing a smooth relocation experience, utilizing advanced technology and industry expertise. Key features include on-demand moving and delivery options, packing and unpacking services, and secure storage solutions at their facility. The company aims to ensure customer satisfaction throughout the moving process.",,Santa Clara,"+14086882351, +14088675309",The Moving,info@themovingcompanyca.com
Revival Moving,"Revival Moving is a moving service based in Stillwater, MN, specializing in residential and commercial moves. The company focuses on providing personalized and professional moving experiences, ensuring clients receive care for their belongings from the initial call to the final box. Key features include a commitment to clear communication, attention to detail, and customer satisfaction through positive reviews and over 80 5-star ratings on Google. They cater to various types of moves, including homes, apartments, senior living, and storage, catering to both individual customers and larger corporations.","https://facebook.com/revivalmoving, https://www.instagram.com/revivalmoving",Stillwater,+16512789337,Revival Moving,move@revivalmoving.com
Déménagement La Nation,"Déménagement La Nation is a moving service based in Montreal that offers residential and commercial moving solutions. Their main services include packing, unpacking, storage, furniture assembly, and transportation for apartments, condos, houses, and offices. The company emphasizes professional support from experienced teams and provides tailored moving plans to meet individual customer needs. They operate throughout the South Shore and North Shore areas of the city.",https://www.facebook.com/demenagementlanation,Quebec,+14389349493,Déménagement La Nation,info@demenagementlanation.ca
"Hopkins & Sons, Inc.","Hopkins & Sons, Inc. is a family-owned moving and storage company based in New Castle County, Delaware. They offer services for residential moves, corporate moves, and long-distance travel, providing virtual home surveys for accurate inventory of goods. Customers can receive an estimate typically within two business days by submitting their information to specialists or scheduling a move. The company emphasizes customer service and aims to build long-term relationships with its clients.","https://www.linkedin.com/company/hopkins-&-sons-inc-, https://www.linkedin.com/company/hopkins-sons-inc, https://www.facebook.com/hopkinsandsons",New Castle,+13024140770,Hopkins & Sons,info@hopkinsandsons.com
Direct Moving Services,"Direct Moving Services is a moving company that offers a range of relocation services for residential, commercial, and long-distance moves in Florida. Their main functionalities include packing, unpacking, and full moving services, as well as storage solutions. They provide professional packing services with options for self-service or full-service moving, ensuring safe and efficient relocation processes. The company emphasizes high-quality materials, customer service, and has nearly 10 years of experience in the moving industry.",https://www.facebook.com/directmovingservices,Hallandale Beach,+18555332233,Direct Moving Services,info@directmovingservices.com
Olympus Moving & Storage,"Olympus Moving & Storage is a moving company that offers both local and long-distance relocation services. They provide free estimates, on-site estimates, and tailored packing solutions for various types of moves, including studio, one bedroom, and larger moves over 100 miles. Key features include flat rate pricing with exact pick-up and delivery dates, exclusive truck use, and the ability to schedule video calls for personalized assistance during the move process. The company emphasizes customer satisfaction and aims to ensure a hassle-free experience for all clients.",,Brooklyn,"+18882177221, +17187881990, +17187881991",Olympus Moving & Storage,info@olympusmoving.com
Private Moving Corporation,"Private-Moving.com is a moving company that offers a range of services for both residential and commercial moves, including long distance moving, local moving, and packing supplies. Their main functionality includes providing tailored moving plans, efficient packing assistance, and 24/7 support to ensure customer satisfaction throughout the move process. Key features include free estimates, no assembly fees, and a selection of packing materials such as clothing and fragile items, along with subscription options for additional resources like packing tape and furniture boxes.",,Brooklyn,+19299995774,Private Moving,sales@private-moving.com
R-Way Moving & Storage,"R-Way Moving & Storage is a family-owned business that provides moving services for both local and long-distance moves. They offer packing, storage, and repair services for items such as furniture, clothing, electronics, and appliances. The company emphasizes personalized customer service, professional crews, and ensuring the valuables are in good condition before being shipped. R-Way has been serving customers for 50 years, focusing on reliability and customer satisfaction throughout the moving process.",,Pearl River,,R-Way Moving & Storage,info@rwaymoving.com
East Coast Moving,"East Coast Moving (ECM) offers a range of moving services for both residential and commercial moves, including local, long-distance, and in-home packing. Their main functionality is to provide tailored moving solutions that include packing, storage, and custom moving packages at competitive prices. ECM also features specialized services like free shipping on orders over $100 and has a dedicated team that assists with all aspects of the moving process, from packing and storage to logistics. Customers can request a free quote and schedule their moving needs through the website.",,Jamaica,+18773262789,East Coast Moving,info@ecoastmoving.com
StrongBrothers,"StrongBrothers is a moving company that specializes in long-distance moves and packing tips for stress-free moving experiences. They offer personalized services, including damage prevention strategies to prevent future issues, and have experience with various moving companies since 2006. Their approach focuses on tailoring each move to meet the specific needs of clients while ensuring a positive moving experience. The team consists of Joseph Gaefke and Andrew Darley, who are both experienced in managing moving logistics and hobbies.",,Tucson,+15203440210,StrongBrothers,strong@brothermover.com
"Bay Shore Moving & Storage, Inc.","Bay Shore Moving & Storage, Inc. offers a range of moving services for both residential and commercial clients in New York City and surrounding areas. Their main functionalities include assisting with moves to Long Island, Florida, and internationally, as well as providing packing, storage solutions, and general moving services such as furniture and van rentals. They also offer video/virtual moving estimates and have a large inventory of over 1 million items available for immediate dispatch. The company emphasizes customer satisfaction and aims to deliver reliable and efficient moving support.","https://www.linkedin.com/company/bay-shore-moving-&-storage-inc, https://www.instagram.com/bayshoremoving/?next=, https://x.com/bayshoremove",Hauppauge,"+16312311313, +17188956652",Bay Shore Moving & Storage,info@bayshoremoving.com
Xpress Movers,"Xpress Movers is a professional moving company that offers a range of services including long-distance moves, local packing, and commercial moving. They provide free storage options for belongings and ensure all aspects of the move are handled with care. Xpress Moovers is licensed and insured by the US Department of Transportation, making it a reliable provider for various moving needs such as city to city moves, cross-country trips, and furniture relocations. Customers can book moving quotes online or contact them directly through their website.",https://www.linkedin.com/company/xpress-movers,Wilmington,"+18007784177, +16172931380, +16177180645",Xpress Movers,info@xpressmovers.com
SF Bay Area Moving,"SF Bay Area Moving is a local moving company based in San Francisco that offers residential and commercial moving services. Their main functionalities include packing, unpacking, and secure storage for belongings, with a focus on customer satisfaction and timely service. They provide free quotes, have over 10 years of experience, and operate throughout the Bay Area, including cities like San Mateo, Belmont, and Pacifica. The company emphasizes quality movers, transparent pricing, and a high referral rate.","https://facebook.com/localmovers2015, https://www.facebook.com/sf-bay-area-moving-102113614493839, https://www.instagram.com/sfbamoving, https://www.instagram.com/sfmoving, https://x.com/sfbayareamovers, https://www.youtube.com/channel/UCsK0zyo0icPuIhyNj_GUCKQ",South San Francisco,,SF Bay Area Moving,contact@sfbayareamoving.com
Skyy Moving LLC,"Skyy Moving LLC is a professional moving company based in California that offers a range of moving services throughout the San Francisco Bay Area. Established in 1997, the company provides specialized moving solutions for office relocations, household moves, and real estate staging. Their team specializes in safe packing, efficient handling of specialty items like pianos and antiques, ensuring a smooth and hassle-free moving experience. Skyy Moving is licensed and insured, emphasizing safety and security during the move process. Customers can request a free quote through their website by providing details about their location, destination, and moving date.",,South San Francisco,+14156058103,Skyy Moving,angela@skyymoving.com
San Rafael Movers,"Movers San Rafael is a local moving company that offers residential and commercial relocation services in the San Rafael area. They provide a range of moving solutions including local, commercial, and storage relocations, catering to various needs such as furniture moves, home staging, and moving assistance for individuals and businesses. Key features include 24/7 customer support, personalized moving plans, guaranteed arrival at the end of the move, and transparent pricing with no hidden charges. The company has been operating since 2002 and emphasizes professional service and customer satisfaction throughout the moving process.",,Bolinas,"+14155211611, +14242235300",San Rafael Movers,info@moverssanrafael.net
Office Movers Toronto,"Office Movers Toronto is a moving company that specializes in office relocations across Toronto and the Greater Toronto Area. They offer services such as packing, storage, furniture disposal, and office cleaning to ensure a smooth transition for businesses of all sizes. With 15 years of experience, their team provides 24/7 support and focuses on delivering efficient and cost-effective solutions for office relocation needs.",,Toronto,"+16474977747, +18773991315",Office Movers Toronto,office@officemoverstoronto.com
D's Moving & Delivery Services,"D's Moving & Delivery Services offers a range of moving solutions including packing, furniture assembly, appliance delivery, and cleaning in the Greater Toronto Area (GTA). Their services are available for both long-distance and out-of-area moves, with an hourly pricing model that includes a minimum of 2 hours for each service. They also provide additional add-on services like Advanced+ Concierge Service for hands-off support during the move, ensuring efficient management of relocation tasks. Customers can book services online or contact them directly through their website for assistance with their moving needs.",,Toronto,+16478606035,D's Moving & Delivery Services,info@dsmoves.com
Max Movers Inc,"Max Movers Inc is a family-owned moving company based in Houston, TX, offering residential and commercial moving services. Their main functionalities include packing, unpacking, loading, and delivery of belongings, as well as secure storage solutions for items during the move. They provide free same-day estimates and emphasize efficient service with trained professionals who specialize in handling delicate items like antiques and pianos. With over 40 years of experience, Max Movers aims to make every move seamless and stress-free for clients.","https://facebook.com/320934938045151, https://yelp.com/biz/max-movers-houston",Houston,"+17136808700, +17136884440, +18883684689",Max Movers,leo@maxmovers.com
We Can Move It LLC,"We Can Move It LLC is a moving company that offers a range of services for residential and commercial relocations. Their main functionality includes providing packing, unpacking, and moving logistics tailored to the needs of clients across various locations in the United States. Key features include professional movers, transparent pricing with no hidden fees, and a focus on efficient transitions for both new and experienced movers. They also offer free quotes and support throughout the moving process.",https://www.instagram.com/we_can_move_it_llc/profilecard/?igsh=mwx6cnfvzhbvbhdmzw==,Greensboro,"+13364299920, +18776862390",We Can Move It,jimmy@wecanmoveitllc.com
Appleby Moving & Storage Ltd.,"Appleby Moving & Storage Ltd is a moving company based in Burlington, Ontario, specializing in residential and commercial moves. They offer services such as long-distance moving, packing, and storage solutions for homes and offices, ensuring secure and efficient handling of belongings. The company also provides moving supplies to protect items from damage during transit and offers specialized services like senior moving and student moving. Their team consists of experienced movers who focus on customer satisfaction and stress-free moving experiences.",,Burlington,+19053361173,Appleby Moving & Storage,applebymoving@bellnet.ca
21st Century Moving & Storage,"21st Century Moving & Storage is a family-owned moving company based in Shrewsbury, MA, offering a range of moving and storage services. Their main functionalities include local, long-distance, senior, piano moving, college moving, overnight, short distance moving, climate-controlled storage, and warehousing. They provide free in-home estimates, insured services, and have over 30 years of experience in the industry, ensuring reliable support for families during their moving needs.",,Shrewsbury,"+15083728366, +15089557085, +19546320072",21st Century Moving & Storage,tim@21stcenturymovingandstorage.com
Professional Movers Chicago,"Professional Movers Chicago is a moving company that offers a range of services for residential and commercial relocations in Chicago. Their main functionalities include local moving, apartment moving, full packing, storage solutions, and labor-only moving. The company provides professional movers who assist with all aspects of the relocation process, including packing, safe transport, and insurance coverage for moving expenses. Clients can request online quotes, schedule move dates, and receive detailed estimates to help them choose the best moving options based on their needs.",,Chicago,+13127248463,Professional Movers Chicago,info@professionalmoverschicago.net
A1 Movers,"A1 Movers is a moving company in Illinois that offers residential and long-distance moving services. They provide customized moving plans tailored to individual needs, including packing, loading, and unloading for various types of belongings. The process involves contacting the movers, scheduling appointments, and receiving a complimentary estimate to help clients plan their moves effectively. A1 Mo Moving emphasizes customer satisfaction and aims to enhance the relocation experience through professional service and attention to detail.","https://www.linkedin.com/company/a1-movers-inc, https://www.facebook.com/a1moversgeneva, https://www.yelp.com/biz/a1-movers-geneva-2",Geneva,+18159705029,A1 Movers,patrickmeister@a1moversil.com
Greenwood Village Movers,"Greenwood Village Movers is a local moving company in Denver that offers a range of moving services for residential, commercial, and apartment relocations. They provide professional moving planning, packing, and storage solutions tailored to the needs of various types of families and individuals. The company is fully licensed and insured, ensuring safe relocation processes with dedicated support throughout the move process. Key features include free estimates, expert movers, and a focus on customer satisfaction through open communication and transparent pricing.",,Greenwood Village,+17206339712,Greenwood Village Movers,info@greenwoodvillagemovers.com
"Budget Moving, LLC","Beef Bistro is a premium steakhouse and bistro located at Le Meridien Dubai Hotel & Conference Centre, offering a variety of dining options including dry-aged steaks, seasonal salads, desserts, and fine wines. The restaurant features a full menu that caters to different tastes, with a focus on quality ingredients and a commitment to customer service. Guests can enjoy meals made from prime cuts sourced from Australia, New Zealand, America, and Argentina, cooked in a signature charcoal oven using high-quality wood-fired cooking methods. Reservations can be made through their website or by phone, and they also provide exclusive offers and promotions for lunch and dinner deals.",https://www.facebook.com/budget-moving-seattle-286252944870729,Shoreline,+12065220600,Budget Moving,mike@budgetmovingwa.com
Can't Stop Moving,"Can't Stop Moving is a local moving service operating in Massachusetts and Washington, specializing in both long-distance and labor-only moves. The company offers a range of services including packing, transportation, storage, home staging, and specialized moves like pianos and gun safes. They provide free quotes for move planning and pricing based on the size and needs of the relocation process, ensuring a smooth transition for clients.","https://www.linkedin.com/company/can't-stop-moving, https://www.instagram.com/cantstopmoving2009",Seattle,"+12064662113, +16179557161, +17818185141",Can't Stop Moving,info@cantstopmoving.com
DeVries Moving,"DeVries is a moving and storage company based in Spokane that offers services for both household and corporate moves. They provide packing, secure storage solutions, and are a third-party logistics partner for corporate relocation needs. Their focus is on delivering stress-free moving experiences while ensuring customer satisfaction throughout the process.","https://www.linkedin.com/company/devries-moving-packing-storage, https://www.facebook.com/105167169524280",Spokane,"+15099246000, +15099240041, +18003336352",DeVries Moving,customerservice@devriesmoving.com
1st Choice Moving and Storage Inc.,"1st Choice Moving & Storage Inc. provides moving services for both short and long-distance moves, as well as packing and unpacking assistance. They assist clients with the entire move process, from planning to post-move support, ensuring a smooth experience. The company operates across all 50 states and offers free shipping on orders over $100 within the contiguous United States. Their team is dedicated to customer service and aims to deliver efficient and professional moving solutions.","https://www.facebook.com/1st-choice-moving-and-stoarge-2148222948772771, https://twitter.com/moving_1st, https://www.twitter.com/safeway_moving",Malibu,"+17205013666, +18005089002, +18005993046",1st Choice Moving and Storage,info@1stchoicemovingandstorage.com
"Allstar Metro Movers, LLC","Allstar Movers is a moving company based in Phoenix, Arizona, specializing in residential, office, and apartment relocations. They offer full-service moving services, including packing, unpacking, and furniture re-arranging, ensuring customer satisfaction through professional service and insurance coverage. Allstar Mo Moving provides free quotes for their moves and guarantees written confirmations for service completion. The company also emphasizes its commitment to quality by being certified as a licensed and insured movers.",,Phoenix,"+14805055198, +16029433800, +16232980723",Allstar Metro Movers,information@allstarmovers.com
Innovative Moving Systems,"Innovative Moving Systems (OMS) offers a range of moving services for office and commercial organizations in New Mexico, Southern Colorado, West Texas, and Eastern Arizona. Their main functionalities include furniture installation, industrial relocation, warehousing, and IT equipment relocation. IMS employs skilled installers who specialize in various sectors such as education, healthcare, government, and hospitality, providing personalized moving solutions tailored to the specific needs of each client. The company emphasizes professionalism, attention to detail, and innovative systems to enhance the moving experience.","https://www.linkedin.com/company/innovative-moving-systems-inc-, https://www.facebook.com/innovativemovingsystems, https://www.facebook.com/innovativemovingsystems?ref=br_tf, https://twitter.com/https://twitter.com/inmovingsystems, https://twitter.com/inmovingsystems, https://x.com/inmovingsystems",Albuquerque,+15055031352,Innovative Moving Systems,bmoss@innovativemoving.com
Action Contents & Moving,"Action Contents & Moving is a moving company based in Vancouver, BC, offering local and long-distance moving services for both residential and commercial clients. Their main functionality includes packing, unpacking, and storage solutions, with a focus on providing a seamless moving experience from start to finish. They are fully stocked with necessary tools such as moving pads, furniture wrap, and floor runners, and they also offer free estimates and support throughout the moving process. The company is certified by the Canadian Association of Movers and the Better Business Bureau, ensuring quality service and customer satisfaction.","https://www.linkedin.com/company/action-movers, https://www.linkedin.com/company/actioncontents, https://www.instagram.com/actioncontents?utm_source=ig_web_button_share_sheet&igsh=zdnlzdc0mzixnw==",Richmond,"+18776947778, +16046947777",Action Contents & Moving,info@actioncontents.ca
Western Express Moving,"Western Express Moving is a moving company that offers professional moving services for both residential and commercial moves across Western Canada. Their main functionality includes packing, transporting, and disposing of items, as well as providing specialized relocation services for seniors and office relocations. Key features include no hidden fees, no utilities or stairs fees, and a commitment to environmentally friendly practices with a focus on customer satisfaction and reliable service throughout the moving process. They also offer additional services such as disposal, cleaning, and packing support tailored to individual needs.",,Coquitlam,"+16047836910, +16044755009",Western Express Moving,info@westernexpressmoving.com
Movex,"MEX is a commercial moving company that offers specialized services for office, warehouse, and industrial moves. Established in 1981, it provides a range of relocation solutions including full-service transfers, vehicle rentals, and storage options. The company emphasizes customer service and aims to assist clients with their moving needs while ensuring compliance with regulations like SOV News. MEX specializes in handling all aspects of the move process, from packing and shipping to logistics support.",,Vancouver,"+16042555256, +16046871896",Movex,info@movex.ca
Mid Island Truck & Crane Ltd,"Mid Island Truck & Crane Ltd is a moving company based in British Columbia that specializes in safe and vault moving services. They offer transportation for safes, vaults, heavy equipment, and office relocations for businesses, restaurants, and private residences. With over 25 years of experience, their fleet includes specialized equipment designed to safely move various types of assets, including banks and retail stores, while providing flexible service hours throughout the day.",,Surrey,"+16045962644, +16047901225",Mid Island Truck & Crane,midislandtruck@shaw.ca
Westex Moving,"Westex Moving is a moving service based in Vancouver, specializing in the Lower Mainland area with over 20 years of experience. They offer personalized moving assistance that includes carefully handling and protecting furniture using protective pads while transporting. The company is fully equipped, licensed, and insured, ensuring a smooth move-related experience for their clients. Westex Moving also provides free price quotes and emphasizes customer satisfaction through professional service and expert advice.",https://www.facebook.com/pages/westex-moving/142750045884689,Vancouver,+16049482008,Westex Moving,info@westexmoving.com
Viktoria Van Lines,"Viktoria Van Lines is a moving company based in Toronto that offers local and long-distance moving services across Canada. Their main functionalities include packing, unpacking, car transportation, and secure storage solutions for various types of belongings such as homes, offices, and studios. They utilize a network of trained movers and equipment to ensure reliable moving experiences and provide tailored solutions for both residential and commercial moves.","https://www.facebook.com/viktoria-vanlines-1693628400895591, https://twitter.com/viktoriavanline",Halifax,"+14166049904, +14169078545, +15877747514, +15877797729, +16046286543, +16473441554, +16474977747, +18773991315, +19023323535",Viktoria Van Lines,office@officemoverstoronto.com
Across Town Movers,"Across Town Movers is a moving and storage company based in San Diego, specializing in residential, commercial, and military moves. They offer services such as packing, storage options, and rental services for furniture and equipment across the city. With over one million cubic feet of storage space, they provide tailored solutions for families and businesses, ensuring safe and efficient move-related processes. The company emphasizes customer satisfaction with transparent pricing and professional service throughout the moving process.",https://www.linkedin.com/company/across-town-movers,San Marcos,"+16192876900, +18004005700",Across Town Movers,andre@zdigital.com
Laguna Moving Services,"Laguna Moving Services is a moving company that offers a range of relocation services for residential, commercial, and storage needs in Laguna Beach. Their main functionality includes providing free quotes, organizing packing and assembly, and handling all aspects of the move, including safe shipping and insurance coverage. They also offer specialized moves for apartments and small businesses, ensuring personalized support tailored to each client's unique situation. The company emphasizes customer satisfaction and has over 20 years of experience in the moving industry.",,Laguna Niguel,+19492811743,Laguna Moving Services,info@league-city-movers.com
La Jolla Movers,"La Jolla Movers is a local moving service that offers a variety of relocation solutions for residential and commercial moves, including apartment relocations, packing, and storage services. The company provides free quotes and emphasizes customer support throughout the moving process, ensuring a smooth experience with licensed and insured movers. Key features include a team of experienced movers, transparent pricing without hidden fees, and a commitment to community involvement through their dedicated agents who offer ongoing support and advice during the moving journey.",,La Jolla,+18582130523,La Jolla Movers,info@lajolla-movers.com
Carlsbad Movers,"Carlsbad Movers is a local moving company based in Carlsbad, California, offering a range of moving services for both residential and commercial moves. Their main functionalities include residential moving, office relocations, apartment moving, storage solutions, and packing assistance. They provide fully licensed and insured movers who prioritize customer service, ensuring timely arrivals and personalized moving plans tailored to individual needs. The company emphasizes transparency, transparent pricing, and a commitment to quality service throughout the moving process.",,Carlsbad,"+17605859683, +14252172009",Carlsbad Movers,info@carlsbadmovers.org
Premiere Office Movers,"Premiere Office Movers is a moving company based in Calgary that specializes in office relocations and furniture sales. They offer services including professional service, detailed estimates, liability insurance coverage, and the use of clean and reliable equipment. With over 35 years of experience, Premiere provides dedicated consultants to assist with all aspects of the moving process, ensuring efficient and accurate results for clients.",,Calgary,"+14032501356, +14032507015",Premiere Office Movers,calgary@pvlcalgary.com
Calgary Piano Movers,"Calgary Piano Movers offers professional piano moving services for various types of pianos, including uprights and concert grands, as well as brands like Steinway, Mason & Hamlin, Bosendorfer, Yamaha, and Kawai. Their main functionality includes safe and efficient moving of pianas, ensuring proper care from the pick-up to delivery, and providing additional services such as piano tuning and secure storage in a climate-controlled facility. They operate throughout Alberta, British Columbia, and Saskatchewan, with options for both local and international moves.","https://www.linkedin.com/company/calgary-piano-movers, https://www.facebook.com/pages/calgary-piano-movers/505509116252131, https://twitter.com/calgarypianomvr, https://www.youtube.com/channel/UCOqx9cG2_NcoaFifhNZbE6g",Calgary,+14038053427,Calgary Piano Movers,booking@calgarypianomovers.ca
Prime Relocations Inc.,"Prime Relocations Inc. is a local and long-distance moving company that offers packing, relocation, and storage services for both individuals and businesses. They provide professional long- distance moving solutions, office relocations, and secure temporary storage options. With over 10 years of experience, the company focuses on delivering safe and efficient moving experiences while ensuring customer satisfaction through skilled professionals and reliable service.",,Norcross,,Prime Relocations,info@primerelocationsinc.com
All in All Movers,"All in All Movers is a moving service based in Georgia that offers residential and commercial move-related services. They provide packing equipment, packing instructions, and support to ensure efficient handling of the moving process. The company also offers free estimates, flat-rate pricing for projects, and supplies like boxes and packing tape. Their experienced movers focus on delivering quality service throughout the relocation process.",,,"+12233445566, +19127851252",All in All Movers,customerservice@allinallmoversofgeorgia.com
Mini Movers,"Mini Movers is a moving company based in Sioux Falls, SD, offering a range of services for both local and long-distance moves. Their main functionalities include professional packing, secure storage solutions, and labor-only moving options. Key features include complimentary move consultations, on-site estimates, and the ability to handle various aspects of the moving process, from heavy lifting to secure storage. The company aims to reduce the stress associated with moving by providing reliable and efficient service tailored to individual needs.",,Sioux Falls,+16053619363,Mini Movers,info@minimoversinc.com
Patriot Truckerz,"Patriot Truckerz is a veteran-owned moving company that specializes in providing military PCS (Personal, Electrical, and Mechanical) moving services. They offer auto transportation for moves across the country and provide real-time route tracking to ensure safe transport of belongings. The company focuses on simplifying the relocation process by offering personalized consultations, expert advice, and support throughout the move process, including packing, storage, and shipping. Additionally, they specialize in government contracts and have experience with various moving solutions tailored to specific needs.","https://www.facebook.com/p/patriot-truckerz-100089809666800, https://www.instagram.com/patriottruckerz, https://www.instagram.com/patriottruckerz/?hl=en, https://x.com/patriottruckerz",,+13072139906,Patriot Truckerz,info@patriottruckerz.com
AMB Moving & Storage Inc.,"AMB Moving & Storage Inc. is a nationwide moving company that specializes in long-distance, interstate, and state-to-state relocations across the United States. They offer professional packing services, secure storage solutions for commercial clients, and specialized moving for seniors and military personnel. The company provides tailored moving plans with structured planning and transparent pricing, ensuring safe transportation of belongings and equipment during moves. AMB Moving and Storage is fully licensed to handle all types of relocation needs and has over 20 years of experience in the industry.","https://www.facebook.com/ambmovingstorage, https://x.com/amb_moving",Garfield,+19739750336,AMB Moving & Storage,booking@ambmovingservices.com
Ideal Moving Solutions LLC,"Ideal Moving Solutions is a moving service based in Austin, Texas, offering local and long-distance moves for both residential and commercial clients. Their main functionalities include packing, furniture arrangements, donation pickup, hotshot trucking, and an easy online scheduler for scheduling. They provide free estimates and aim to ensure timely and efficient move execution, catering to various moving needs across the USA.",,Austin,+15122700092,Ideal Moving Solutions,info@movewithideal.com
Dallas Moving,"Dallas Moving is a moving company based in Dallas, TX, offering a range of relocation services including local moves, long-distance relocations, residential relocations for homes and businesses, and secure storage solutions. Their main functionality includes packing, unpacking, and providing transportation to facilitate the smooth transition. Key features include customized moving plans, state-of-the-art equipment, transparent pricing with no hidden fees, and a focus on customer satisfaction throughout the moving process.",,Dallas,"+18177555555, +18666668667, +18883684689",Dallas Moving,info@dallasmovingexpert.com
Movers Folsom,"Movers Folsom is a local moving company that offers a range of moving services for residential and commercial relocations in the Folsum area. Their main functionalities include local, commercial, apartment, and storage solutions, as well as packing and labor moving services. The company emphasizes customer service, affordable pricing, and experienced movers who are licensed and insured to ensure safe and efficient moving experiences. They also provide free quotes and emphasize transparency with no hidden fees or long-term contracts.",,Deer Park,+19166379991,Movers Folsom,info@moversfolsom.com
El Dorado Hills Moving Company,"Eldorado Hills Moving Company is a local moving service based in El Dorado Hills, California, specializing in residential and commercial moves. They offer a range of services including packing assistance, storage solutions, and specialized moving for apartments and offices. The company provides free quotes, an all-inclusive hourly rate, and tailored moving plans to meet individual client needs while ensuring safety and quality service throughout the relocation process. Their team consists of experienced movers with over three years of experience who focus on efficient and personalized moving experiences.",,El Dorado Hills,+19165070268,El Dorado Hills Moving,info@eldoradohillsmovingcompany.com
Folsom Movers,"Folsom Movers is a moving company based in Folsom, California, offering a range of relocation services for both residential and commercial moves. Their main functionalities include local moving, apartment moving, commercial moving, storage solutions, and packing services. Key features include free quotes, a 100% safety guarantee, customer support seven days a week, and transparent pricing with no hidden fees. The company emphasizes professionalism and reliability throughout the moving process, ensuring clients receive tailored moving plans and expert assistance.",,Folsom,+19163451534,Folsom Movers,info@folsomcamover.com
Steadfast Moving LLC,"Steadfast Moving is a moving service that offers personalized packing, relocation, and insurance solutions in the Greater Sacramento Area. Their main functionality includes start-to-finish planning, professional movers, and transparent pricing with no hidden fees, ensuring customer satisfaction through guarantees and responsible liability for items damaged or lost. Key features include free donation pickup and delivery of unwanted belongings, white glove move services, and a commitment to safety with full coverage for damages if needed. They also provide free shipping on orders over $100 within California's Central Valley.",https://twitter.com/wixstudio,Roseville,,Steadfast Moving,chris@steadfastmoving.com
Professional Movers Pleasanton,"Professional Movers Pleasanton is a moving company that offers a range of relocation services for both residential and commercial moves, including apartment relocations and packing. They provide professional movers who ensure safety, professionalism, and customer satisfaction throughout the relocation process. Key features include free quotes, a trained team of professionals, and a commitment to providing affordable pricing with no hidden fees. The company also offers specialized moving services such as labor moving and storage solutions.",,Pleasanton,+19252719856,Professional Movers Pleasanton,info@professionalmoverspleasanton.com
Professional Santa Clarita Movers,"Always On the Move is a professional moving company based in Santa Clarita that offers a variety of moving services for residential and commercial moves. Their main functionalities include local moving, apartment moving, office relocations, packing assistance, and storage solutions. They provide personalized moving plans tailored to individual needs, ensuring safe and efficient movement while coordinating everything throughout the move process. The company emphasizes customer satisfaction and has over 15 years of experience in the industry, focusing on quality service and community support.",,Santa Clarita,+16615914313,Professional Santa Clarita Movers,info@professionalsantaclaritamovers.com
Generations Team Moving & Transition Services LLC,"Generations Team is a family-owned moving company based in San Antonio, Texas, specializing in senior relocation and regular moving services. They provide comprehensive support for moving seniors, including packing, unpacking, storage, and repairs, ensuring a smooth experience from start to finish. The team consists of background-checked employees who prioritize client needs and ethical practices, while also offering onsite consultations and monthly training for their staff. Generations Team serves clients across Texas and beyond, focusing on personalized service and community involvement.",https://www.linkedin.com/company/generations-team,San Antonio,+12103781106,Generations Team Moving & Transition Services,mckenzie@generationsteam.com
Tony's Moving Corp,"Tony's Moving Corp is a moving company based in Teaneck, NJ, offering a range of services for residential and commercial moves. Their main functionality includes providing flat-rate estimates with no hidden costs, customized packing plans, and comprehensive relocation support. Key features include specialized services such as piano moving, furniture disassembly, and storage solutions, along with insurance options for personal injury and cargo transport. The company aims to create a smooth moving experience while ensuring customer satisfaction.","https://www.instagram.com/tonysmover, https://www.yelp.com/biz/tonys-moving-south-hackensack",Teaneck,"+12019479270, +12159908573, +18885042424",Tony's Moving,info@tonymoving.com
Movement Pro Van Lines,"Movement Pro Van Lines is a moving and storage service based in New Jersey. They offer a range of services including long-distance moves, commercial relocation, packing, and secure storage solutions. Customers can receive a free quote within minutes, and the company provides all necessary services such as safe packing, protective gear, and transportation costs included on their flat fee. Additionally, they offer flexible pickup and delivery options for items at their secure locations.","https://www.facebook.com/movementprovanlines, https://www.instagram.com/movementprovanlines, https://www.youtube.com/channel/UC2Hl_v7rChgE-Qs1sN9AIqw, https://www.yelp.com/biz/movement-pro-van-lines-bayonne-2, https://apps.apple.com/us/app/mpvl-pro/id6596743742, https://play.google.com/store/apps/details?id=com.movementprovanlines.movementprovanlines",Bayonne,"+12126517273, +18552775920",Movement Pro Van Lines,info@movementprovanlines.com
BLVD Moving,"BLVD Moving is a professional moving company that offers both local and long-distance relocation services. They provide packing, storage, and delivery for various types of belongings, including homes, offices, and vehicles. The company emphasizes customer satisfaction by offering personalized service, on-time and budget support, and has multiple locations across California and Arizona. Their team is fully licensed and insured, ensuring reliable and experienced movers tailored to client needs.",,Las Vegas,"+15203651141, +17027239960, +18442740500",BLVD Moving,info@blvdmoving.com
Quality Moving & Storage,"Quality Moving & Storage is a moving and storage company serving the Twin Cities area of Minnesota and Wisconsin. They offer full-service moving solutions, including packing, transport, and indoor storage for both individual items and complete moves. Key features include trained professionals, a safety guarantee, flexible scheduling, and a commitment to customer satisfaction with transparent pricing without hidden fees. The company also provides free boxes and has a network of locations across the metro region.",https://www.linkedin.com/company/quality-moving-&-storage,Minneapolis,"+17153777777, +19528316800",Quality Moving & Storage,info@qualitymovingco.com
"BGM Movers, LLC","BGM Movers is a moving company that offers flat-rate moves and related services in Los Angeles. They provide a range of move-related services including small moves, 1-2 to 3-4 bedroom moves, furniture assembly, packing, unpacking, and TV mounting. Customers can request free estimates for various moving needs, starting at $125 for single items and $500 for 1-bedroom or 3-bedroom moves, as well as additional services like junk haul and appliance disposal. The company emphasizes quick bookings and customer satisfaction throughout the moving process.","https://www.facebook.com/bgmmovers, https://www.yelp.com/biz/bgm-movers-los-angeles",Los Angeles,"+18778243586, +18778253586",BGM Movers,info@bgmmovers.com
"Hudson Moving & Storage Co., Inc.","Hudson Moving & Storage is a moving and storage service based in Manhattan, New York City. They specialize in handling residential and commercial moves, offering customized storage solutions such as self-service lockers, furniture warehouses, and self-storage units. The company has over 25 years of experience and employs experienced staff to handle local, long-distance, and international moves, ensuring secure and efficient logistics for various clients including individuals, corporations, and educational institutions.",,New York,,Hudson Moving & Storage,hudson@moving-storage.com
Orion Moving & Storage,"Orion Moving & Storage is a full-service moving company based in New York City that offers local, long-distance, and commercial moving services. Their main functionality includes packing, organizing, and storing belongings for both short-term and long-term relocations across the U.S. and Canada. Key features include a wide range of moving solutions such as door-to-door relocation, vehicle storage options, and transportation services, all supported by experienced movers who ensure smooth processes and efficient documentation handling. Orion Moving also provides free quotes and has a network of over 1,000 warehouses across major cities in NYC and beyond.","https://www.facebook.com/orionmovers, https://www.instagram.com/orionmoving_nyc, https://www.yelp.com/biz/orion-moving-new-york",New York,+17183744510,Orion Moving & Storage,info@orionmovingnyc.com
The Moving Company,"The Moving Company is a family-owned moving service based in Springfield, Missouri, offering residential and commercial moving solutions. Their main functionalities include packing, transporting large items, providing furniture delivery, and offering relocation services for individuals and businesses across the state and beyond. They are fully licensed, bonded, and insured, ensuring a professional move experience with a focus on safety and timely completion. The company also provides free estimates and emphasizes customer satisfaction throughout the moving process.",,Springfield,+14175019128,The Moving,hr.support@wemovebetter.com
Moving Pros,"Moving Pros is a moving company based in Kansas City, MO, offering both local and long-distance moving services for residential and commercial clients. Their main functionalities include packing, unpacking, piano moving, and furniture handling, as well as providing specialized moving supplies like shrink wrapping and pressure ulcers. The team of licensed and trained movers ensures the safe and reliable movement of items, catering to various moving needs such as home protection, office relocations, and international moves. Moving Pros also offers free estimates and has over 20 years of experience in the moving industry, focusing on customer satisfaction and professional service.","https://www.yelp.com/biz/moving-pros-grain-valley-4, https://yelp.com/biz/moving-pros-kansas-city-2?utm_medium=badge_reviews&utm_source=biz_review_badge, https://yelp.com/biz/moving-pros-kansas-city-2?utm_medium=badge_star_rating_reviews&utm_source=biz_review_badge",Kansas City,+18169887601,Moving Pros,cole@movingproskc.com
Movers and Packers LA,"Local Moving Adventure is a moving company based in Los Angeles that offers professional moving services for both residential and commercial moves. Their main functionalities include local, domestic, and labor-only moving, as well as packing services such as furniture storage and safe transport. They provide all-inclusive hourly rates with no additional fees, ensuring transparent pricing without hidden costs. The team consists of trained movers who assist clients throughout the moving process, including handling heavy items and providing quality packing materials like plastic wraps and blankets.",,Los Angeles,"+13236094120, +18326328789",Movers and Packers LA,info@moversandpackersla.com
Modern Hacienda Heights Movers,"Modern Hacienda Heights Movers is a moving company based in Haciendas Heights, California, specializing in residential and commercial moves. They offer a variety of services including local moving, apartment moving, storage solutions, packing, and labor-only moving. The team focuses on providing personalized moving experiences tailored to the specific needs of each client, ensuring safe and efficient relocation processes. Customers can request free quotes for their moving needs through their website or by contacting them directly.",,Rowland Heights,+16266004566,Modern Hacienda Heights Movers,info@hacienda-heights-movers.com
Placentia Movers,"The website offers a range of resources and tools for individuals seeking to improve their online presence. It provides detailed descriptions of various functionalities, including the use of language like English, German, French, Italian, and Russian. Users can explore different categories of content such as blogs, podcasts, and social media posts, as well as specific functionalities like product recommendations and pricing based on location. The site also includes links to other related services and products.",,Orange,+16576663077,Placentia Movers,info@placentiamoversmoving.com
Quality Install,"Quality Install is a furniture installation and moving service that specializes in residential, commercial, and specialty relocations. Their main functionalities include furniture installation, move management to minimize disruptions, and specialized moving for healthcare professionals. They also offer skilled contract maintenance services, ensuring compliance with safety standards and providing professional support throughout the relocation process.","https://www.linkedin.com/company/quality-install-llc, https://www.facebook.com/qualityinstallstl",Saint Louis,+16363329474,Quality Install,info@qualityinstallstl.com
Advance Office Installations,"Advance Office Installations is a company that provides a variety of office furniture installation and relocation services. Their main functionalities include office furniture installations, reconfiguration, office inventory management, IT support, and repair services for various types of office equipment such as desks, chairs, and storage solutions. They manage the entire process from design to installation, ensuring seamless communication with clients throughout the moving or installing process. The company aims to enhance productivity and efficiency in office environments while providing personalized service tailored to client needs.","https://www.linkedin.com/company/advance-office-installations, https://www.facebook.com/advance-office-installations-357306054616482/?ref=page_internal, https://www.facebook.com/pages/category/business-service/advance-office-installations-357306054616482",Newark,"+13027775599, +12158808377, +13022578231, +13024207367, +13024209586, +13027775528",Advance Office Installations,aoiacct@aoi-inc.us
Downtown Moving Corp.,"Downtown Moving Corp. provides moving services in New York City, NY, focusing on residential and commercial moves. Their main offerings include item packing, loading, and hauling solutions, ensuring safe transportation of personal belongings through careful package handling and local routes. The company emphasizes customer service and aims to simplify the moving process with trained movers who are knowledgeable about NYC traffic and travel conditions.",,New York City,+12129412779,Downtown Moving,info@downtownmovingny.com
Cheap Movers,"Cheap Movers is a moving service that offers affordable and reliable solutions for residential moves in New York City, particularly in the Tri-State Area. They provide a range of services including packing, unpacking, furniture assembly, commercial move logistics, short-term storage, and same-day shipping. Customers can request quotes online or by phone, and their team consists of trained movers who prioritize customer satisfaction and efficient service throughout the moving process. The company operates with well-maintained box trucks and emphasizes quality service and reliability.",https://www.yelp.com/biz/cheap-moving-brooklyn,Brooklyn,,Cheap Movers,contact@cheapmovingny.com
EZ Moving Services,"EZ Moving Services is a local moving company in Orlando that offers a variety of moving solutions for both residential and commercial clients. Their main services include packing, loading, and transportation, as well as heavy lifting and furniture delivery. EZ Moving Service provides specialized moving equipment like stretch film and dollies, ensuring secure and efficient movement while providing customer service through 24/7 support. They cater to different moving needs, including long-distance moves and custom furniture options.",,Orlando,+14079304100,EZ Moving Services,sales@myezmover.com
Navy Seals Moving,"Navy Seals Moving is a family-owned company specializing in long-distance moving services across the United States, with over 20 years of experience. They offer a range of relocation solutions including furniture storage, home staging, and transportation, ensuring secure and efficient handling of belongings such as beds, mattresses, and electronics. The company emphasizes customer satisfaction through transparent estimates, upfront pricing, and personalized service to make the move process stress-free. Their fleet includes fully insured and licensed movers who operate from their own climate-controlled warehouse facilities.",https://www.youtube.com/@navysealsmoving7695/videos,Seattle,+12069294378,Navy Seals Moving,info@navysealsmoving.com
Robo Movers,"Robo Movers is a moving service that offers affordable and efficient moving solutions for residential and commercial clients in San Francisco. The company provides fixed pricing, transparent communication with movers, and comprehensive documentation of the move, including detailed reports on packing, hauling, and storage. Key features include same-day moving services, body cam footage documenting moves, and a commitment to customer satisfaction with a focus on transparency and accountability.","https://www.instagram.com/robomovers, https://www.yelp.com/biz/robo-movers-san-francisco",San Francisco,+14152955314,Robo Movers,steven@robomovers.com
Michael's Movers,"Michael's Movers is a moving company based in Richardson, Texas, offering a range of services for residential and commercial moves. Their main functionalities include packing, transporting, unpacking, and delivering goods using clean trucks and specialized equipment. They provide free quotes, a money-back guarantee, and have over ten years of experience in the moving industry, ensuring customer satisfaction throughout the move process.",,Plano,"+12142454595, +18883684689",Michael's Movers,sales@michaelmovers.com
All In Moving,"All In Moving is a moving service based in Los Angeles that offers a range of solutions for residential, commercial, and piano moves. Their main functionality includes packing, loading, and delivery, ensuring a smooth move experience from start to finish. Key features include labor-only moving, specialized storage options, and transparent pricing with no hidden fees. They also provide free estimates and have a team of experienced movers who handle everything from paperwork to packing.","https://www.instagram.com/allinmoving1, https://www.yelp.com/biz/all-in-moving-services-los-angeles-4",Los Angeles,+14244005694,All In Moving,info@allinmoving.com
Most Valuable Moving,"Most Valuable Moving is a moving company based in Moreno Valley, CA, offering both local and long-distance moving services. They provide packing, loading, and furniture assembly for residential and commercial moves, as well as senior moving services like storage and shipping. The company emphasizes safety, professionalism, and customer satisfaction, ensuring that clients receive dedicated support throughout the moving process. Key features include professional packers, affordable pricing, and a focus on efficient service tailored to individual needs.",https://www.yelp.com/biz/most-valuable-moving-moreno-valley?osq=movers,Moreno Valley,+19515678724,Most Valuable Moving,info@mostvaluablemoving.com
Phame Estate Services,"Phame Estate Services provides a range of estate liquidation and relocation services for individuals and businesses looking to sell their assets. Their main functionalities include asset appraisals, home renovations, and complete estate buyouts, with options for quick cash purchases without inspections or terms. Key features include professional moving and packing services, expert property staging, and assistance with charitable donations and estate transitions. They also offer specialized services like biohazard remediation and auction sale preparation to help clients maximize the value of their properties.",,Edmonton,+17807190865,Phame Estate Services,sean@phame.co
Top Movers Houston,"Top Movers Houston is a moving company that offers a range of services for residential and commercial moves, including packing, storage, and labor-only moving. They provide free quotes, transparent pricing, and personalized assistance throughout the moving process. Key features include professional packing services, insurance coverage, and customer support available seven days a week. The company emphasizes safety and professionalism in all their moving projects.",,Houston,+12818860286,Top Movers Houston,info@topmovershouston.com
Twin Cities Moving Solutions,"Twin Cities Moving Solutions is a moving company that offers professional moving and packing services for both residential and business moves. They provide pre-move consultations, ensuring clients receive personalized assistance throughout the move process. The company features transparent pricing with no hidden fees, allowing customers to easily book their moving needs through online booking or in-person visits. Additionally, they offer free moving boxes and provide necessary supplies like boxes and paper.",,Richfield,+16129165072,Twin Cities Moving Solutions,contact@tcmovingsolutions.com
ASAP Movers,"ASAP Movers is a local moving company that offers residential and commercial moving services in Santa Maria and Santa Barbara Counties. They provide long-distance moves, full packing services, and storage solutions, as well as labor-only services for onsite assistance. Their fleet includes over 20 vehicles, GPS tracking for shipments, and they offer specialized services for senior living homes and final mile delivery. The company emphasizes quality service with competitive pricing and customer satisfaction, supported by a team of trained movers who are experienced throughout the move process.","https://www.linkedin.com/company/asap-movers, https://www.instagram.com/asapmoversslo, https://www.youtube.com/c/Asapmoversslo, https://www.yelp.com/biz/asap-movers-san-luis-obispo-3",Santa Maria,"+18055449222, +18055449104",ASAP Movers,kasey@asapmovers.com
Collins Brothers Moving & Storage,"Collins Brothers Moving & Storage offers a range of moving and storage services including local, long-distance, international, and commercial moves. Their main functionality is to provide professional relocation support throughout the move process, ensuring efficient coordination and quality service. Key features include real-time updates on move status, certified crews for various types of relocations, and flexible storage solutions tailored to client needs. They also offer restoration support for insurance claims and government relocation projects.","https://www.linkedin.com/company/collins-brothers-moving-inc, https://www.instagram.com/collinsbrothersmoving",Larchmont,"+19148340048, +12034569045, +17036616045, +16312833000, +18002475916",Collins Brothers Moving & Storage,collins@collinsbros.com
Lewis & Michael Inc.,"Taian Avencer Trading Co., Ltd. is a provider of construction machinery and lift machines, specializing in advanced industrial equipment for various construction needs. Established in 2018, the company offers a range of products including tower cranes, concrete mixers, gantry crane units, and specialized hoists for tasks like excavation and concrete pile building. They also provide customized solutions and have a large inventory to meet customer requirements across multiple industries such as mining, construction, and logistics. The company focuses on delivering high-quality goods and reliable service to enhance operational efficiency in diverse construction projects.",,Dayton,"+18005433524, +19372526683",Lewis & Michael,daytonsales@atlaslm.com
Clever Moving,"Clever Moving is a moving company that offers a range of services for both local and long-distance moves. Their main functionalities include packing, unpacking, furniture disassembly, lifting, storage, and delivery. They provide free estimates, no hidden fees, and all their movers are certified to ensure quality service. The company aims to create a stress-free moving experience while ensuring customer satisfaction.",https://instagram.com/clever.moving,Newport Beach,+19496674777,Clever Moving,info@clever-moving.com