Domain,Public Emails
keepitmovingservices.co,
savingmoving.com,
lukethemover.com,mail@lukethemover.com
ziptozipmoving.com,info@ziptozipmoving.com
abouttimemoving.com,
rushmoremovers.com,
smoothmovesbydesign.com,
foxmoversmontreal.com,
bigbensmovingandstorage.com,"alerts@storelocal.com, ben@bigbensmovingandstorage.com, info@bigbensmovingservice.com, info@bigbensmovingandstorage.com"
dreamteammovers.ca,
silverservicega.com,info@silverservicega.com
lifetimemoving.com,info@lifetimemoving.com
mvpmovers.net,
myaffordablemove.com,info@myaffordablemove.com
expresshaulersmoving.com,contact@expresshaulers.com
ramseysmoving.com,info@ramseysmoving.com
movingrelocationsystems.com,sales@movingrelocationsystems.com
revererelocation.com,sunni@revererelocation.com
shipams.com,"info@moversreport.com, info@shipams.com"
whiteglovemoving.us,documents@whiteglovemoving.us
mokamoving.com,info@mokamoving.com
lambertsmoving.com,"support@lambertsmoving.com, office@lambertsmoving.com"
vaultrastorage.ca,"snathan@vaultra.ca, doortodoor@vaultra.ca, sscher@vaultra.ca"
weliketomoveitsd.com,info@weliketomoveitsd.com
daleymoving.com,office@daleymoving.com
metro-movers.com,info@metromovers.com
thestoragebox.com,info@thestoragebox.com
gypseemovers.ca,
kz2movingcompany.com,info@kz2movingcompany.com
mastermoverservices.com,info@mastermoverservices.com
masterclassmoving.com,
eliterelocationservices.com,info@eliterelocationservices.com
pleasantrelocation.com,info@pleasantrelocation.com
yourmovingbutlers.com,admin@yourmovingbutlers.com
movingandtrucking.com,privacy@movingandtrucking.com
marylandmoving.com,"info@marylandmoving.com, joshua@marylandmoving.com"
movingprostorage.com,info@westtennesseemovers.com
delicatetouchmoving.com,
movingasap.ca,info@movingasap.ca
seniorsonthemoveniagara.com,
onbougeonroule.ca,infos@onbougeonroule.ca
broadstreetmovers.com,info@broadstreetmovers.com
timmyhayesmoving.com,hello@timmyhayesmoving.com
dallasareamovers.com,
wearethebestmovingandstorage.com,contact@wearethebestmovingandstorage.com
glmovers.com,info@glmovers.com
mikethemover.ca,info@mikethemover.ca
toptiermovingllc.com,
sbtaylortransport.com,info@sbtaylortransport.com
movingdonerightinc.com,
johnsmoving.com,"josh@movefasamoving.com, info@johnsmoving.com, josh@johnsmoving.com"
stellarmovers.com,info@stellarmovers.com
maximoving.com,info@maximoving.com
americanmastermovers.com,
airdriemoving.com,info@airdriemoving.com
fortexmoving.com,info@fortexmoving.com
aperfectmove.net,eoconnell@aperfectmover.net
mindovermattermoving.com,
moovy.ca,info@moovy.ca
midwestmovingpros.com,contact@midwestmovingpros.com
sylmarmovers.com,support@sylmarmovers.com
budgetpromovers.com,
thedmvmovers.com,
movingforwardcville.com,info@movingforwardcville.com
ecmoving.com,teamecms@ecmoving.com
simplychangenow.net,change@simplychangenow.net
5starmovingandstorage.com,
haulinassetsmoving.com,move@haulinassetsmoving.com
pinkzebramoving.com,help@pinkzebramoving.com
athmovers.com,info@athmovers.com
christoffersonmoving.com,
westkentuckymoving.com,
bigapplemoving.com,"contact@bigapplemoving.com, customercare@bigapplemoving.com, claims@bigapplemoving.com"
teleportmoving.com,info@teleportmoving.com
avalanchepacking.com,
stresslessmoves.ca,info@stresslessmoves.com
moversofsacramento.com,info@moversofsacramento.com
professionalmoving.services,
lothepromoving.com,
budgetfinestmovers.net,budgetservices@sbcglobal.net
loadandgomoving.com,
chicagoofficemovers.com,"ken@chicagoofficemovers.com, kari-ann@chicagoofficemovers.com, kevin@chicagoofficemovers.com, graham@chicagoofficemovers.com, luis@chicagoofficemovers.com"
checkmatemoving.com,
highqualitymoving.net,admin@highqualitymoving.net
jjmovingsolutions.com,info@jjmovingsolutions.ca
1promovingandshipping.com,info@1promovingandshipping.com
jonesmoverz.com,
movingmountains.pro,"movers@movingmountains.pro, demp@tdmm.business"
verrazanomoving.com,sales@verrazanomoving.com
yegedmontonmovers.ca,"alvin@ripplesolutions.io, team@yegmovers.ca"
asnycmoving.com,sales@asnycmoving.com
rockstarpromovers.com,info@rockstarpromovers.com
eternitymovers.com,
homeagaintransitions.com,info@homeagaintransitions.com
dlightmoving.com,"info@dlightmoving.com, info@360vtsolutions.com"
gallomoving.com,sales@gallomoving.com
lyonsmovers.com,"adam.zagata@dreamtown.com, info@lyonsmoving.com, anik.zampini@cbrealty.com, tanusingh@johngreenerealtor.com"
arrowsmithmoving.ca,
flatrate-vanlines.com,
bbdmoving.com,contact@bbmoving.com
xcellentmovers.com,info@xcellentmovers.com
tylermovingandstorage.com,info@tylermovingandstorage.com
payablemoving.com,
smilinmikesdependablemoving.com,info@smilinmikesdependablemoving.com
juangotyoumoving.com,
lifetimetransitions.com,"ightsize@lifetimetransitions.com, rightsize@lifetimetransitions.com"
localorlandomovers.com,
aarion.ca,info@aarion.ca
onemovemovers.com,customerservice@onemovemovers.com
bravosmoving.com,info@bravosmoving.com
ancientmovers.ca,support@ancientmovers.ca
economymoversri.net,info@economymoversri.net
mcwilliamsmoving.com,mms@mcwilliamsmoving.com
forwardvanlines.com,info@forwardvanlines.com
getdonemove.com,info@getdonemove.com
globalmoving.ca,info@globalmoving.ca
apromoversva.com,
aperfectmover.com,info@aperfectmover.com
stylesmoving.com,
movers-vancouver.ca,
3litetransport.ca,brettmacnab@3litetransport.ca
eeemoving.com,info@eeemoving.com
asmoothmovewi.com,
bufordmovingcompany.com,info@bufordmovingcompany.com
onesourcemoving.ca,info@onesourcemoving.ca
arnonimoving.com,info@arnonimoving.com
familymovingtwinfalls.net,
tksdeliveryservices.com,"admin@tksdeliveryservices.com, privacy@tksdeliveryservices.com"
preferredmovers.com,info@preferredmovers.com
safeway-moving.com,
moveintuitoc.com,info@moveintuitoc.com
seniorsrelocationservices.ca,weknowseniors@bell.net
makespacenow.com,
dashingdeliveriesandmovingco.com,
moversrichmond.ca,
happyhomemovers.ca,info@happyhomemovers.ca
dandoingright.com,i@dandoingright.com
mimismoving.com,"pswindells@mimismoving.com, information@mimismoving.com"
galaxymoversinc.ca,"info@galaxymoversinc.ca, info@motoweb.org"
getstartedhomeservices.com,admin@getstartedhomeservices.com
specialtymovingsolutions.com,eric@specialtymovingsolutions.com
xmoving.ca,info@xmoving.ca
letsstartmoving.com,
crosstownmovers.net,
stimovers.com,"info@sidwebsolutions.com, info@stimovers.com"
rextonmoving.com,moving@rextonmoving.com
straightmoving.com,
lanesmoving.com,"info@lanesmoving.com, jan@lanesmoving.com"
packmanmobilestorage.com,info@packmanmobilestorage.com
housetohomemoving.com,info@housetohomemoving.com
lubbockmovingco.com,info@lubbockmovingco.com
smartmoverssurrey.ca,
americanknightsmoving.com,support@americanknightsmoving.com
87moverslasvegas.com,"booking@87movers.com, booking@87moverslasvegas.com"
dynamicmoversinfo.com,movewithus@dynamicmoversinfo.com
bestraterelocationservices.com,"iinfo@brates.net, info@brates.net"
eagerbeavermoving.com,"service@eagerbeavermoving.com, john@eagerbeavermoving.com"
fischervanlines.com,jfischer@fischervanlines.com
condormovingsystems.com,movers@condormovingsystems.com
gjmoving.com,info@gjmoving.com
a-1movers.com,info@a-1movers.com
samonasprimemoving.com,info@samonasprimemoving.com
mananddolly.com,william@mananddolly.com
goodmoving.ca,
simplythebestmovellc.com,
wondermove.com,info@wondermove.com
peoplemoverscalifornia.com,office@peoplemoverscalifornia.com
boudreauxsmoving.com,
whatsthemovenc.com,
vectormoving.com,
aragonmovers.com,"sales@aragonmovers.com, info@aragonmovers.com"
keepitupmoving.com,"info@keepitupmoving.com, privacy@keepitupmoving.com"
ezbreezymoves.com,info@ezbreezymoves.com
yourmoveottawa.com,info@yourmoveottawa.com
tfmoving.ca,tfmoving@bell.net
zetamoving.com,
apollomovingcompany.com,info@apollomovingcompany.com
lippincottvanlines.com,info@lippincottvanlines.com
desertmoving.com,"inquiry@desertmoving.com, phx@desertmoving.com, privacy@desertmoving.com, info@desertmoving.com, ps@desertmoving.com, info@eliteanywhere.com"
oneextraguy.com,info@oneextraguy.com
supermovers.net,info@supermovers.net
summermoving.com,
wemovecoaches.com,info@wemovecoaches.com
machomovers.ca,
lunasmoving.com,
musclemenmoversllc.com,info@musclemenmoversllc.com
arrivemovemanagers.com,marcus@arrivemovemanagers.com
edgemontmoving.com,"claims@xn.com, info@edgemontmoving.com"
moveonus.com,
lodihauling.com,
pricemovingswfl.com,info@pricemovingswfl.com
movehubllc.com,
mightymoving.com,info@mightymoving.com
rigosdelivery.com,"admin@rigosdelivery.com, info@rigosdelivery.com"
cummingsmoving.com,
southfloridavanlines.com,info@southfloridavanlines.com
gpmove.ca,info@gpmove.ca
vipmovingandstorage.com,
tampalocalmoving.com,
methodmovingandstorage.com,
nextstopmoversnc.com,info@nextstopmoversnc.com
jpsmoving.ca,
austinpackingservices.com,
piepho.com,
myguysmoving.com,
verityvanlines.com,michael@verityvanlines.com
westhollywoodmovers.org,info@westhollywoodmovers.org
greenwoodvillagecomovers.com,info@greenwoodvillagecomovers.com
nextdoormovers.ca,info@nextdoormovers.ca
inandoutmoving.ca,
movewithmom.com,"marketing@movewithmom.com, service@movewithmom.com"
epochmover.com,
rightsizerelo.com,anneg@rightsizerelo.com
nk-moving.com,info@nk-moving.com
smoothmovessudbury.ca,
jdsmoving.com,info@jdsmoving.com
prime-packers.com,
baymeadowsmovers.com,
chasmovers.com,info@chasmovers.com
bakersfieldmover.com,expressmovingllc@att.net
southernoregonmovers.com,
huskymove.com,
tlcmovingottawa.ca,care@tlcmovingottawa.ca
grossepointestorage.com,info@grossepointestorage.com
cwmas.com,info@cwmas.com
goeasywaymovers.com,
studiocitymovers.org,support@studiocitymovers.org
arizonamovingspecialist.com,info@arizonamovingspecialist.com
texasdeltamoving.com,info@texasdeltamoving.com
getmylo.com,
cimamoving.com,
sanclementemovers.com,info@sanclementemovers.com
offdutymovers.ca,info@offdutymovers.ca
ordonezmovers.co,
all-net-flatrate.com,
championmovers1.com,info@championmovers1.com
sunset-mover.com,
rocksteadymovers.com,
ilsrelo.com,"sales@ilsrelo.com, contact@ilsrelo.com"
nexmuv.com,support@nexmuv.com
olamoving.com,info@olamoving.com
usmovingexperts.com,
moversrocktransportllc.com,hi@moversrocktransportllc.com
fantasticmoves.com,
movinandremov.com,info@movinandremov.com
hometohome.work,info@hometohomerelocation.com
readysetmover.com,info@readysetmover.com
mission-moving.com,"caleb.gendron@mission-moving.com, support@mission-moving.com"
blessingmoving.com,
haulco.com,"ops_support@haulco.com, hello@haulco.com, support@movingauthority.com, privacy@haulco.com, support@haulco.com"
nycgreatmovers.com,info@nycgreatmovers.com
upngomoving.com,
globalmovingusa.com,info@globalmovingusa.com
knockoutmoversne.com,"admin@knockoutmoversne.com, info@knockoutmoversne.com"
themoversusa.com,"sales@themoversusa.com, james@themoversusa.com"
eldermove.ca,shannon@eldermove.ca
premiermoving.ca,
atlantapackandload.com,office@atlantapackandload.com
carolinapackngo.com,
professionalmoversmontreal.com,
sinatramovers-losangeles.com,
stallionmovers.com,move@stallionmovers.com
haulitoutmoving.com,
js3moving.com,
movingmv.com,info@movingmv.com
neonmovers.com,info@neonmovers.com
hudsonrivermoving.com,sales@hudsonrivermoving.com
dowellsmoving.com,contact@dowellsmoving.com
ponyupmoving.com,"rusty@ponyupmoving.com, ivan@ponyupmoving.com"
pattonsmoving.com,info@pattonsmoving.com
moversrus.us,
smartmovemoving.com,
caremoremoving.com,"info@caremoremoving.com, move@caremoremoving.com"
evlmoving.com,eli@evlmoving.com
gs-pro-master-moving.com,
greathomemovers.com,"info@greathomemovers.com, chris@greathomemovers.com, john@realtywrx.com"
deluxemovingsolutions.com,contact@deluxemovingsolutions.com
rightwaymovingks.com,
onthemovemobilestorage.com,
guardianmoving.com,
thepromovers.com,info@thepromovers.com
portlandmoversready.com,admin@portlandmoversready.com
spokanepromovers.com,
495movers.com,clientservices@495movers.com
goldenservicesllc.com,info@goldenservicesllc.com
phillipsmoving.com,"laura@phillipsmoving.com, vince@phillipsmoving.com, claude@phillipsmoving.com, peter@phillipsmoving.com, nick@phillipsmoving.com, moe@phillipsmoving.com, katy@phillipsmoving.com"
ridgewoodmoving.com,info@ridgewoodmoving.com
walshseniorsolutions.com,john.walsh@walshseniorsolutions.com
prolificmoves.com,
star-movers.com,
niceguymoverspalmbeach.com,
thenashvillemovers.com,info@a-teamhauling.com
rightsizedliving.net,info@rightsizedliving.net
goodjobmovers.com,support@goodjobmovers.com
welorelocations.com,
magnificentmovers.co,
moversspringtx.com,
eastcoastbostonmovers.com,info@eastcoastbostonmovers.com
h2hmovers.com,info@h2hmovers.com
realrocknroll.com,booking@realrocknroll.com
interactiveglobalbusiness.com,info@interactiveglobalbusiness.com
pereezd-plus.com,info@pereezd-plus.com
packandgomoversny.com,"sales@packandgomoversny.com, info@packandgomoverscorp.com"
movesbyfaith.net,
meehansfamilymoving.com,
helloyugo.com,info@helloyugo.com
awesomemovingservices.com,
yycdownsizing.com,
anorganizedmove.com,connor@anorganizedmove.com
miraclemovers.com,
organizeyouhappy.com,lindsey@lindseyoaks.com
liftnycmovers.com,info@liftnycmovers.com
pinnacletruckinglogistics.com,info@pinnacletruckinglogistics.com
newbraunfelsmovingcompany.com,
gominis.com,
brahamovers.com,info@brahamovers.com
superiormovinginc.com,sales@superiormovinginc.com
santacruzmovingservices.com,info@santacruzmovingservices.com
darlingsolutions.ca,darling@darlingsolutions.ca
afamovers.com,
mytucsonmovers.com,info@mytucsonmovers.com
movebisson.com,customerservice@movebisson.com
nextdoormoversllc.com,
smartpricemoving.com,info@smartpricemoving.com
prodigymoving.com,"sales@prodigymoving.com, barak@prodigymoving.com, privacy@prodigymoving.com"
illinoismoversinc.com,
pierrebyersmovingco.com,info@pierrebyersmovingco.com
toptownmovers.ca,info@toptownmovers.ca
legendmovers4youfl.com,
millennialmovingsolutions.com,sales@millennialmovingsolutions.com
mystrongmove.com,office@mystrongmove.com
movememoving.com,info@movememoving.com
tacticalmovingco.com,
aakcmoving.com,
moverswithmanners.com,mastermovers@moverswithmanners.com
lamovingstar.com,move@lamovingstar.com
touchwoodmovers.com,info@touchwoodmovers.com
mindfulmoversllc.com,
peachstatemovers.com,info@peachstatemovers.com
kingaffordablemovers.com,info@kingaffordablemovers.com
spacemovers.ca,
mypromoversdc.com,sales@mypromoversdc.com
sbmoving.com,
mercurymoving.com,
mcminnmovingmore.com,
1callmovers.com,elmer@1callmovers.com
smoothmoving.com,
xlmovers.com,info@xlmovers.com
easyfloridamoving.com,
buythehourmovers.com,
onthegomovingstorage.com,administrator@onthegomovingstorage.com
atlantmoving.com,support@atlantmoving.com
sparrowmovers.com,matt@sparrowmovers.com
all-things-house.com,carol@all-things-house.com
callspeedy.com,info@callspeedy.com
movingmade4you.com,info@movingmade4you.com
vantous.ca,
double-move.com,
frontlinemovings.com,
qshark-moving.com,info@qshark-moving.com
rightmovecanada.com,"hi@rightmovecanada.com, hello@rightmovecanada.com"
modernpiano.com,
eastside-movers.com,info@eastside-movers.com
glasscitymovers.com,info@glasscitymovers.com
nmbc.llc,"moving@nmbc.llc, move@nimblemoving.com"
southshoremovers.ca,"info@demenagementeconomique.ca, info@southshoremovers.ca"
messolar.com,info@messolarllc.com
seacuremove.com,
california-seattleexpress.com,info@california-seattleexpress.com
fivestarsmovers.com,
dalycitymovingservices.com,
2dudesandatruck.ca,info@2dudesandatruck.ca
blakemoving.com,"sharond@blakemoving.com, contactus@blakemoving.com, shannon@blakemoving.com"
stepbystepmoving.com,info@stepbystepmoving.com
hawthornemovers.org,
mcminnvillemoving.com,info@mcminnvillemoving.com
quikmove.com,support@quik-move.com
andsmormovers.ca,
qsmovingcorp.com,
levicvanlines.com,"marketing@levicvanlines.com, info@levicvanlines.com, claims@levicvanlines.com"
westmountmovers.ca,info@westmountmovers.ca
orangesquaremovers.com,info@orangesquaremovers.com
newchaptertransitions.com,
libertytransportation.com,info@libertygrp.com
hkmovers.ca,info@hkmovers.ca
mountainmoving.ca,info@mountainmoving.ca
itsyourmovetexas.net,
audettesmoving.com,info@audettesmoving.com
wowmoving.com,jigar.javade@nexuslinkservices.in
howardsvanline.com,"info@howardsvanline.com, info@howardsvanlines.com"
redrovers.com,"help@redrovers.bradleeduffy.com, info@redrovers.bradleeduffy.com, info@redrover.com, info@redrovers.com"
mitchellmoving.com,moving@mitchellmoving.com
downsizemyhome.biz,info@downsizemyhome.biz
easypromoversllc.com,
thissideupmoving.com,info@thissideupmoving.com
gotlcmovingandstorage.com,
myperfectstorage.com,
movenscape.com,
royaltymoversncleaners.com,
tr1927.com,info@tr1927.com
swanmoving.com,info@swanmoving.com
thefamilymovers.com,
ctmovingandstorage.com,aaron@ctmovingandstorage.com
ykbestmovers.com,"info@ykbestmovers.com, sales@ykbestmovers.com"
thestudentmovers.com,info@thestudentmovers.com
boxinmoving.com,njoffice@boxinmoving.com
pacificmovingcompany.com,info@pacificmovingcompany.com
muvnow.com,"info@muvnow.com, webmaster@muvnow.com, cs@muvnow.com"
gentrymoving.com,info@gentrymoving.com
keepmovingus.com,"info@keepmovingus.com, book@keepmovingus.com"
dynamicdownsizers.com,"hello@dynamicdownsizers.com, info@dynamicdownsizers.com, team@dynamicdownsizers.com"
divinemoving.com,info@divinemoving.com
metrowidemovers.com,info@metrowidemovers.com
seemamentalhealth.com,info@seemamentalhealth.com
movingforwardtransit.com,
elitemoversdenver.com,
adamsmovingservice.com,info@adamsmovingservice.com
a-1moving.com,
gotosrp.com,
smoothmoverssm.com,
easy2gomovers.ca,info@easy2gomovers.ca
cardinalsmoving.com,sales@cardinalmovingky.com
gmvanlines.com,info@gmvanlines.com
oryxmoving.com,support@oryxmoving.com
apollomovingandstorage.com,
doralmoving.com,info@doralmovers.com
themoveplace.com,info@themoveplace.com
imsrelocation.com,info@imsrelocation.com
westislandmoversz.ca,"info@westislandmoversz.ca, info@demenagementeconomique.ca"
aaronsreliable.com,
amplemoving.com,info@amplemoving.com
canadafalconmoving.com,info@canadafalconmoving.com
606movers.com,
serenitymovers.com,customerservice@serenitymovers.com
sunnymoving.com,
home-aidmoving.com,william@home-aidmoving.com
themovecrew.com,hello@themovecrew.com
smartpeoplemoving.com,
midwestmoving.com,"kevin@midwestmoving.com, kari-ann@midwestmoving.com, residential@midwestmoving.com, info@midwestmoving.com, esther@midwestmoving.com, michael@midwestmoving.com, elevator@midwestmoving.com, karen@midwestmoving.com, luis@midwestmoving.com, fedgov@midwestmoving.com, ltoledo@midwestmoving.com, ken@midwestmoving.com, oandi@midwestmoving.com"
yfcv.ca,info@yfcv.ca
altastorage.ca,"hello@altastorage.ca, admin@altastorage.ca"
sdmovingservicesca.com,
jwcoleatlas.com,"jwcole@jwcoleatlas.com, jason@jwcoleatlas.com"
estatepropertymovers.com,
fastmovingcompany.com,sales@fastmovingcompany.com
dansvanlines.com,service@dansvanlines.com
monkeymoving.org,
movingyouhome.com,info@movingyouhome.com
davidmoving.com,
arcadiamovers.org,
bestmoversllc.com,
mainstreetmovers.com,movinginfo@mainstreetmovers.com
exmoving.com,"info@exmoving.com, support@exmoving.com"
gustomovers.com,sales@gustomovers.com
movingofamerica.com,"privacy@movingofamerica.com, support@movingofamerica.com, hello@movingofamerica.com"
hansensmovingandstorage.com,letsmove@hansensmove.com
signaturemoving.ca,
mountainmoversatx.com,
jernickmoving.com,
morethanamovephx.com,
workhorsemoving.com,"jake@workhorsemoving.com, hello@workhorsemoving.com"
downsizingdiva.com,thediva@downsizingdiva.com
movejb.com,"info@movejb.com, loucousens@movejb.com, bobsully@movejb.com, ehillig@movejb.com, dougroina@movejb.com, robcucino@movejb.com"
nextmoveottawa.com,
2strongmentrucking.ca,
augliera.com,"carolyn@augliera.com, mike@augliera.com"
moverguys.com,info@moverguys.com
2starstajmoving.ca,info@2starstajmoving.ca
continental-moving.com,"privacy-info@continental-moving.com, info@continental-moving.com"
magicmove.ca,contact@magicmove.ca
bcmovers.com,operations@bcmovers.com
kerb.com,info@kerb.com
vipseniorsmovingservices.com,
ectransitions.com,info@ectransitions.com
twomenandamovingvan.com,info@twomenandamovingvan.com
brothersamericamoving.com,info@brothersamericamoving.com
texasbestmovers.com,
mooverschicago.com,info@mooverschicago.com
movingbrothers.net,
charlottesvillemovingsolutions.com,"mainoffice@charlottesvillemovingsolutions.com, mainoffice@studentservicesmoving.com"
gomovingbuddy.com,support@gomovingbuddy.com
lauschsmovingco.com,"robert@lauschsmovingco.com, general@lauschsmovingco.com"
bigbearmovers.co,info@bigbearmovers.co
omegamoving.ca,
sqmoving.com,
brbrelo.com,"contact@brbrelo.com, info@brbrelo.com"
residentialmovingphiladelphia.com,info@proamericanmoving.com
movingpenguin.com,
octomovers.com,
delicatemovers.co,contact@delicatemovers.co
organizedhaven.com,help@organizedhaven.com
beltwaymovers.com,info@beltwaymovers.com
cjwmovers.com,
allreasonsmoving.com,
robustmove.com,
realquickmoving.com,info@realquickmoving.com
sharkmoving.ca,info@sharkmoving.ca
amovetoremember.com,"trix@amovetoremember.com, partnerships@amovetoremember.com, support@amovetoremember.com"
fivestarmoving.us,"mike@fivestarmoving.com, mike@fivestarmoving.us, info@fivestarmoving.us"
blueoxmoving.com,info@blueoxmoving.com
tlmoving.com,info@tlmoving.com
boxpackandmove.com,info@boxpackandmove.com
flytmoving.com,sales@flytmoving.com
chosenonemovers.com,
professionalteammovers.com,service@professionalteammovers.com
monarchmovers.com,yourmove@monarchmovers.com
nkmovers.com,clientsupport@nkmovers.com
a1amovers.com,"info@a1amovers.com, info@sidwebsolutions.com"
mod-movers.com,
alhambramovers.org,info@alhambramovers.org
inandoutnodoubt.com,info@inandoutnodoubt.com
otmmovers.com,
legacymovingdenver.com,info@legacymovingdenver.com
positivemovesmyrtlebeach.com,info@positivemovesmyrtlebeach.com
midwestmovingcomp.com,contact@midwestmovingcomp.com
longdistancemoversamerica.com,contact@longdistancemoversamerica.com
greenmenms.com,
safeboundmoving.com,info@safebound.com
vancouverofficemovers.com,sales@vancouverofficemovers.com
tommoving.ca,tom@tommoving.ca
muskokamove.ca,
boxxboysmoving.com,booking@boxxboysmoving.com
eqmoving.com,contact@eqmoving.com
abilenemovingandstorage.com,
movingmavericks.com,info@movingmavericks.com
twinbrothersmovers.com,info@twinbrothersmovers.com
topmoverspro.com,info@topmoverspro.com
fivetalentsmoving.com,
superdupermovers.ca,
gentlemenmoversinc.com,info@gentlemenmoversinc.com
makomovers.com,
packingbees.com,info@packingbees.com
readymoveltd.ca,info@readymoveltd.ca
deluxemoving.ca,rick@deluxemoving.ca
ramover.com,"info@ramover.com, james@ramover.com"
poseidonmoving.com,"support@poseidonmoving.com, storage@poseidonmoving.com, billing@poseidonmoving.com, info@poseidonmoving.com, sales@poseidonmoving.com"
ayservice.org,atyourservice@ayservice.org
chrismoves.com,
extramilemoving.com,letsmove@extramilemovingmi.com
ccoakley.com,"jhannus@ccoakley.com, mtranchita@ccoakley.com, bwendel@ccoakley.com, info@ccoakley.com, bisnard@ccoakley.com, ccoakley@ccoakley.com, jfessler@ccoakley.com"
beardedmovers.com,info@beardedmovers.com
goborntomove.com,info@goborntomove.com
jmmoving.store,"contact@jmmoving.store, usa@jmmoving.store"
diamondmover.com,info@diamondmover.com
metromoversgtanorth.ca,service@metropolitanmovers.ca
homegrownmoving.com,
capitalcitymovers.us,info@capitalcitymovers.us
ecmoverswindsor.com,
austinmands.com,info@austinmands.com
weourusmovers.com,
vicsthemovingman.net,
bostonbestrate.com,info@bostonbestrate.com
movenshift.com,
sweeniemoving.ca,info@sweeniemoving.ca
homemovingsolutions.com,info@homemovingsolutions.com
makeasmoothmove.com,cheryl@makeasmoothmove.com
brownboxmovers.com,
talbertsmoving.com,info@talbertsmoving.com
2boxusa.com,info@2boxusa.com
goldenstatemovingcorp.com,
flymovingservice.com,info@flymovingservices.com
honestnfastmovers.com,
movingvirginia.com,info@movingvirginia.com
uniquemovingandstorage.com,"info@uniquemovinginc.com, privacy@uniquemovingandstorage.com, unsubscribe@uniquemovingandstorage.com, operations@uniquemovingandstorage.com, sales@uniquemovingandstorage.com, privacy@uniquemovinginc.com, president@uniquemovingandstorage.com, gm@uniquemovingandstorage.com, info@uniquemovingandstorage.com"
easypromover.com,info@easypromover.com
moversandiegoinca.com,
move-mates.com,info@move-mates.com
powerhousemovingandstorage.com,
continentalmove.com,info@continentalmove.com
gfmovingcompany.com,
orangecountymovers.com,info@orangecountymovers.com
crmovers.ca,info@crmovers.ca
ibarramovingservices.com,info@ibarramovingservices.com
flashmoversstl.com,
maritimemoving.com,info@maritimemoving.com
afatherandsonmoving.com,info@fnsmoving.com
brothersmovingtexas.com,"paul@brothersmovingtexas.com, info@brothersmovingtexas.com"
arrangingitall.com,"hello@arrangingitall.com, info@arrangingitall.com"
adamhelper.com,help@adamhelper.com
sinatramovers.com,movers@sinatramovers.com
diamondbackmovingaz.com,
elementmoving.com,info@elementmoving.com
hyperionmovingsystems.com,"cody@hyperionmovingsystems.com, info@hyperionmovingsystems.com"
ebldemenagement.ca,
ontheflymovingguys.com,sales@ontheflymovingguys.com
truckandadriver.com,
qualitymovinginc.com,qualitymovinginc@comcast.net
amexmovinginc.com,info@amexmovinginc.com
cpmovingservices.net,charles@cpmovingservices.com
roblasmovingservices.com,rdiaz@roblasmovingservices.com
newleafmms.com,"info@newleafmms.com, crowe@newleafmms.com"
dynamicmove.ca,info@dynamicmove.ca
crownmovers.ca,info@crownmovers.ca
bramwellrelocation.com,
herculesmoversoh.com,
wellknownmoving.com,"dc@wellknownmoving.com, contact@wellknownmoving.com, info@wellknownmoving.com"
2guyswithatruck.com,
strattonandsons.com,moveasy@strattonandsons.com
move4umovers.com,info@move4umovers.com
teddymoving.com,sales@teddymoving.com
moddesigns.biz,
junkscape.app,"customer-service@junkscape.app, management@junkscape.app"
americantwinmover.com,info@americantwinmover.com
mustang-moving.com,support@mustang-moving.com
ibtransports.com,jaynascimento@ibtransports.com
quickshiftmovinginc.com,
inandoutmoverssf.com,hello@inandoutmoverssf.com
redboxmoving.com,
5starratedmovers.com,info@5starratedmovers.com
expressmovingandstorageva.com,info@expressmovingva.com
whitestarmovers.com,
leosmovingaz.com,info@leosmovingaz.com
movingfinders.net,
1stclassrelocation.com,admin@1stclassrelocation.com
smoothsailingmovingandhauling.ca,info@smoothsailingmoving.ca
gottarelo.com,"sales@gottarelo.com, info@gottarelo.com"
summitmovingandstorage.com,
acmoving.com,
dmvmoversllc.com,"info@dmvmoversllc.com, webmaster@dmvmoversllc.com"
timbostransport.com,sales@timbostransport.com
nestmovers.ca,info@nestmovers.ca
movingullc.com,info@movingullc.com
10menmovers.com,info@10menmovers.com
copperstatemoving.com,eduran@copperstatemoving.com
yourmoversnola.com,brad@yourmovers.la
packmytruckmoving.com,
bluelinemovingnj.com,info@bluelinemovingnj.com
imperialmovers.com,
thetruemover.com,letstalk@thetruemover.com
skylinemoving.ca,info@skylinemoving.ca
camelbackmoving.com,sanity@camelbackmoving.com
wellenmoving.com,
mwmchicago.com,
jaymooremoving.com,
martianmovers.com,
charliesangelsmovers.com,info@charliesangelsmovers.com
bbxmoving.com,"info@bbxmoving.com, customersupport@bbxmoving.com"
allstatemoversinc.com,"info@allstatemoversinc.com, sales@allstatemoversinc.com"
rigosmovingandstorage.com,info@rigosmoving.net
youpaywedeliver.com,info@youpaywedeliver.com
topmoversglobal.com,info@topmoversglobal.com
affordablemovinginkala.com,getmoved@floridamainmovers.com
macsmovingandstorage.com,
hillsmoving.ca,clientcare@hillsmoving.ca
jdmovingcompany.com,info@jdmovingcompany.com
paddedwagon.com,info@paddedwagon.com
topshelfmovers.com,
bettybrigade.com,"service@bettybrigade.com, admin@bettybrigade.com"
freshstartmovingco.com,
glapsmovers.com,
speedymovingcompany.com,info@speedymovingcompany.com
hartmovingandstorage.com,kayla@hartmoving.net
goacemoving.com,
tysmoving.com,
hnmovers.com,info@hnmovers.com
nosweatservicesinc.com,admin@nosweatservicesinc.com
corporateremovalgroup.com,info@pearllemongroup.com
easyaspiemoving.com,office@piemoving.com
redstransfer.com,
economymovers.com,mail@economymovers.com
shawnandshawnmoving.com,"joshua@shawnandshawnmoving.com, rae@shawnandshawnmoving.com, javier@shawnandshawnmoving.com, accounting@shawnandshawnmoving.com"
capitolnorthamerican.com,info@capitolnorthamerican.com
studio-city-movers.com,info@studio-city-movers.com
northvanmover.com,
alln1stopmoving.com,info@alln1stopmoving.com
gentlegiantsmoving.ca,
moversfor.me,contact@moversfor.me
vectormoversnj.com,info@vectormoversnj.com
offloadmoving.com,move@offloadmoving.com
fwdmovers.com,info@fwdmovers.com
rtmoversct.com,support@rtmoversct.com
tatethegreatmoving.com,
goldenrulerelocations.com,quote@goldenrulerelocations.com
cubesofficeservices.com,contactus@cubesofficeservices.com
bostonspacestorage.com,info@bostonspacestorage.com
starvanlinesmovers.com,info@greatguysmovers.com
airusmovers.com,hello@airusmovers.com
camelotmovers.com,camelot@camelotmovers.com
missionmindedmoving.com,
keepit-up.com,contact@keepit-up.com
onpointmoving.com,customerservice@onpointmoving.com
mentorsmoving.com,"info@smoothmoveusa.com, info@mentorsmoving.com"
oncallmoving.com,info@oncallmoving.com
movewithbams.com,rob@movewithbams.com
prodigyservicesatl.com,nick@prodigyservicesatl.com
alphamoving.com,"info@alphamoving.com, moving@alphamoving.com"
fernandoandbrothersmoving.com,info@fernandoandbrothersmoving.com
xpressmovingusa.com,quote@xpressmovingusa.com
georgiahomemovers.com,info@georgiahomemovers.com
didmoving.com,"infos@didmoving.com, infos@didusa.org"
simplythebestmovers.ca,info@simplythebestmovers.ca
bhmoves.com,info@bhmoves.com
ataylormoving.com,russ@ataylormoving.com
onsitemovingstorage.com,info@onsitegroups.com
poshmoving.com,info@poshmoving.com
hermitsmovingservices.com,info@hermitsservices.com
northhollywoodmovers.org,support@northhollywoodmovers.org
ttmmoving.com,
elitemoversqueens.com,info@elitemoversqueens.com
topchicagomoving.com,info@citypatrolservices.net
reliancemovers.com,info@reliancemovers.com
toogoodmovers.com,matthew@toogoodmovers.com
johngraymoving.com,"privacy@johngraymoving.com, moving@johngraymoving.com"
4qmoving.com,
aroundtownmoving.com,info@aroundtownmoving.com
guysmovers.com,
piecebypiecemovers.com,sales@pbpmovers.com
greatjobmovingva.com,"info@greatjobmovingva.com, info@gjmoving.com"
vipmoversservices247.com,contact@vipmoversservices247.com
gomoverz.com,info@gomoverz.com
loadingservicesnorfolk.com,
yourbellevillemover.ca,"mike@yourbellevillemover.ca, bonnie@yourbellevillemover.ca"
shivelysmovingandstorage.com,aprice@anitrapriceesqlaw.com
ezdoesitmoving.com,
bnmoving.com,bnmoving@optonline.net
jvtimetomoveca.com,
camachomovingservices.com,info@camachomovingservices.com
gtsmoving.com,
lighthousemoving.com,
movernashville-tn.com,
carephillymovers.com,
theritemove.com,jp@theritemove.com
itsyourmovetlh.com,
atlantamovepro.com,
rockymountainmovers.net,sales@rmmutah.com
globemoving.com,info@globemoving.com
sharkmoving.com,info@sharkmoving.com
mansamovers.com,info@mansamovers.com
executivemovingsystems.com,justin@executivemovingsystems.com
mvmmoving.com,info@mvmmoving.com
actionmovinginc.com,casey@actionmovinginc.com
move-indy.com,sales@move-indy.com
americasmovers.com,info@americasmovers.com
strawnsmoving.com,info@uplinemoving.com
carefreeconcierge.ca,
mindfulmoving.com,info@mindfulmoving.com
virtuousmoving.com,info@virtuousmoving.com
funksmoving.com,info@funksmoving.com
provincialmoving.com,"info@provincialmoving.com, info@provincialmoving.ca"
districtmoving.com,info@districtmoving.com
thebigguysmovingco.com,
moverstaugustine.com,
pwbmoving.com,
harmonymovers.com,
brothersmoving.ca,info@brothersmoving.ca
moveitllc.com,info@moveitllc.com
onlinemovers.miami,"admin@onlinemovers.miami, booking@onlinemovers.miami, booking@onlinemovers.miami/, marketing@onlinemovers.miami, admin@onlinemovers.miami/"
abetterchoicemovingservices.com,
oakleyrelocation.com,
stridemovingsolutions.ca,
bystroffmoving.com,info@bystroffmoving.com
simplybettermovingatx.com,info@simplybettermovingatx.com
elitemoversinlongislandcity.com,info@elitemoversinlongislandcity.com
denvermovingandstorage.com,movers.co@theothersideacademy.com
seniormovingcompany.com,kim.cox@seniormovingcompany.com
packmulemoving.com,
state2statemovers.com,info@state2statemovers.com
halloffamemovingllc.com,
esquaremoving.com,management@esquaremoving.com
goldenrelocation.com,hello@goldenrelocation.com
moverthankyou.com,info@calgarymoverspro.ca
moveneatly.com,"cancellations@moveneatly.com, info@moveneatly.com, customerservice@moveneatly.com, cancellations@shleppers-ca.com, hello@moveneatly.com, customerservice@shleppers-ca.com"
twotwigsmoving.com,support@twotwigsmoving.com
twofriendsmovers.com,
bigburnsmoving.com,
makeyourmovellc.com,bookit@makeyourmovellc.com
yellowtruckmoving.com,wemove@yellowtruckmoving.com
orlandoexpressmovers.com,
portlandmoversco.com,contact@portlandmoversco.com
hhmoovers.com,
excalibur-movers.com,info@excalibur-movers.com
straightlinemovers.com,info@straightlinemovers.com
allmovingandstorage.com,info@allmovingandstorage.com
mypatriotrelocation.com,"moving@patriotrelocation.net, moving@patriotrelocation.com"
johnfrankmoving.com,info@johnfrankmoving.com
eurmove.com,
calgarymoverspro.ca,"carriers@calgarymoverspro.ca, copyright@calgarymoverspro.ca, info@calgarymoverspro.ca, finance@calgarymoverspro.ca, hr@calgarymoverspro.ca, pr@calgarymoverspro.ca, confidentiality@calgarymoverspro.ca, support@calgarymoverspro.ca, legal@calgarymoverspro.ca, feedback@calgarymoverspro.ca, dmca@calgarymoverspro.com, sales@calgarymoverspro.ca"
precisionmoving.com,booking@precisionmoving.com
alloutmoves.com,"info@alloutmovers.com, info@alloutmoves.com"
a-zmovers.net,info@a-zmovers.net
theregalmove.com,
everythingoesmoving.com,contact@everythingoesmoving.com
wemovetheworld.com,info@wemovetheworld.com
sandiegopianomoversinc.com,
elitemovingstoring.com,
moversfortwayne.com,
callsmallhauls.com,
themovingmate.com,support@themovingmate.com
bluedollymoving.com,hello@bluedollymoving.com
movingmasterspro.com,charlie@movingmasterspro.com
robsonmovingandstorage.com,
alpinemovingco.com,
silkwaymovers.com,info@silkwaymovers.com
primemove.org,
thegotoguysmovingservices.com,
catfishmovingco.com,orlandocompany@comcast.net
bestqualitymoving.com,"info@bestqualitytransport.com, info@bestqualitymoving.com"
thecubevanman.ca,
rocketmoving.com,info@rocketmoving.com
swiftmoverz.com,mainoffice@swiftmoverz.com
integritymovers.com,estimate@integritymovers.com
mostvaluemovers.com,matt@mostvaluemovers.com
americansmartmoving.com,info@americansmartmoving.com
flexdolly.com,"admin@flexdolly.com, sales@flexdolly.com"
movingthroughthis.com,
rollingstonesmoving.com,info@rollingstonesmoving.com
stellamoving.com,contact@stellamoving.com
nyemoving.com,info@nyemoving.com
herculesmoversinc.com,
gofastefficient.com,jordan@gofastefficient.com
therockmoversusa.com,book@therockmovers.com
ameritexmovers.com,
awisemoveaz.com,contact@awisemoveaz.com
nwgrace.com,
t7moving.com,sean@t7moving.com
theorganizingprofessionals.com,info@theorganizingprofessionals.com
frenchyhelpinghands.net,moving@frenchyhelpinghands.net
kingmovers.us,contact@kingmovers.us
movage-moving.com,info@movage-moving.com
unclemarksmoving.com,mark@unclemarksmoving.com
firehousemovers.com,info@firehousemovers.com
moving2gether.ca,info@moving2gether.ca
cgcmoving.com,
skywaymoving.com,"steve@skywaymoving.com, info@skywaymoving.com"
lrgmovers.com,adminlrg@lrgmovers.com
anywherehome.com,hello@anywherehome.com
easydoesitmoving.com,
excaliburmovers.com,sales@excaliburmovers.com
preferredmoving.net,
commandermoving.com,commander@commandermoving.com
pinpointmovers.com,quotes@pinpointmovers.com
jpurbanmoving.com,"estimate@jpurbanmoving.com, marketing@jpurbanmoving.com"
peoplemoversusa.com,office@peoplemoverscalifornia.com
montebellomovers.com,support@montebellomovers.com
silverlininghs.com,"shea@silverlininghs.com, info@silverlininghs.com"
soflomoving.com,
creativemovesllc.com,info@creativemovesllc.com
anchoragemovingservice.com,
summerpackit.com,info@summerpackit.com
mymoveday.com,kansascity@youmoveme.com
thumbsupmovers.com,support@thumbsupmovers.com
freedommoving.com,sales@freedommoving.com
profmovingco.com,
abbaandsonsmoving.com,
alliancemoving.com,
xvanlines.com,"info@xvanlines.com, info@coastalmovingservices.com"
miamimovers.co,
