Domain,Public Emails,Channel,Source
1800moovers.com,info@1800moovers.com,Public inbox,DiscoLike scrape
a-1pianos.com,info@a-1pianos.com.com,Public inbox,DiscoLike scrape
a-plus-organizing.com,info@aplusorganizing.com,Public inbox,DiscoLike scrape
a-zmovers.net,info@a-zmovers.net,Public inbox,DiscoLike scrape
aacorp-usa.com,contactus@aarelocation.com,Public inbox,DiscoLike scrape
abelincolnmovers.com,info@abelincolnmovers.com,Public inbox,DiscoLike scrape
aboutmoves.com,office@aboutmoves.com,Public inbox,DiscoLike scrape
abqmover.com,sales@easymovinglabor.com,Public inbox,DiscoLike scrape
accelerateddeliveries.com,contact@accelerateddeliveries.com,Public inbox,DiscoLike scrape
accentmovers.ca,info@accentmovers.ca,Public inbox,DiscoLike scrape
acesmovingpros.com,info@acesmovingpros.com,Public inbox,DiscoLike scrape
advantagemovingaustin.com,service@advantagemovingaustin.com,Public inbox,DiscoLike scrape
affordablechicago.com,info@affordablechicago.com,Public inbox,DiscoLike scrape
alachuamovers.com,info@alachuamovers.com,Public inbox,DiscoLike scrape
alldirectionsvanlines.com,quote@bestusmovinginc.com,Public inbox,DiscoLike scrape
allegiantmovingsystems.com,info@allegiantmovingservices.com,Public inbox,DiscoLike scrape
allservicesplus.net,contact@all-services.ca,Public inbox,DiscoLike scrape
allstatemovingandstorage.net,info@allstatemovingandstorage.net,Public inbox,DiscoLike scrape
alpinemovingandstorage.com,info@alpinemovingandstorage.com,Public inbox,DiscoLike scrape
alsmoving.com,contact@alsmoving.com,Public inbox,DiscoLike scrape
amenitymovers.com,move@amenitymoving.com,Public inbox,DiscoLike scrape
americaneaglemover.com,sales@americaneaglemover.com,Public inbox,DiscoLike scrape
amerotorontomovers.ca,contact@amerotorontomovers.ca,Public inbox,DiscoLike scrape
anytimemovers.com,info@anytimemoversdc.com,Public inbox,DiscoLike scrape
arizonamovingexperts.com,info@arizonamovingexperts.com,Public inbox,DiscoLike scrape
asgs.us,support@allseasonmovers.com,Public inbox,DiscoLike scrape
assistmoving.com,sales@assistmoving.com,Public inbox,DiscoLike scrape
astorageplacefla.com,info@astorageplacefla.com,Public inbox,DiscoLike scrape
awtransportation.com,info@awtransportation.com,Public inbox,DiscoLike scrape
axlemovers.com,info@findthehomepros.com,Public inbox,DiscoLike scrape
bargainmoversinc.com,info@bargainmoversinc.com,Public inbox,DiscoLike scrape
bedandbreakfastsandayorkney.com,info@bedandbreakfastsandayorkney.com,Public inbox,DiscoLike scrape
bennettsmoving.com,info@bennettsmoving.com,Public inbox,DiscoLike scrape
bestcheapmoversorangecounty.com,info@bestcheapmoversorangecounty.com,Public inbox,DiscoLike scrape
bestmoverstoronto.ca,info@bestmoverstoronto.ca,Public inbox,DiscoLike scrape
bestwaytomove.com,info@bestwaytomove.com,Public inbox,DiscoLike scrape
bigtmovers.com,info@bigtmovers.com,Public inbox,DiscoLike scrape
bloominternational.com,general@bloominternational.com,Public inbox,DiscoLike scrape
bluecowmoving.com,move@bluecowmoving.com,Public inbox,DiscoLike scrape
blueridgemountainmoving.com,info@pinnaclemgp.com,Public inbox,DiscoLike scrape
bormannbrosinc.com,sales@bormann.us,Public inbox,DiscoLike scrape
bosmove.com,info@bosmove.com,Public inbox,DiscoLike scrape
boydmoving.com,sales@boyd.ca,Public inbox,DiscoLike scrape
brooklynmovinginc.com,info@brooklynmovinginc.com,Public inbox,DiscoLike scrape
brookstransfer.com,info@brookstransfer.com,Public inbox,DiscoLike scrape
brownstonebrothers.com,info@brownstonebros.com,Public inbox,DiscoLike scrape
californiamovingservices.com,hello@californiamovingservices.com,Public inbox,DiscoLike scrape
calimovers.net,info@calimovers.net,Public inbox,DiscoLike scrape
carativemovemanagers.com,info@carative.com,Public inbox,DiscoLike scrape
cedarparkmovers.com,quote@cedarparkmovers.com,Public inbox,DiscoLike scrape
cegmovers.com,info@cegmovers.com,Public inbox,DiscoLike scrape
celinamovingandstorage.com,customerservice@celinamoving.com,Public inbox,DiscoLike scrape
cgmovingcompany.com,info@cgmovingcompany.com,Public inbox,DiscoLike scrape
cheaphousemovers.com,info@cheaphousemovers.com.au,Public inbox,DiscoLike scrape
cheapmoversaustin.com,sales@moversaustintx.com,Public inbox,DiscoLike scrape
cheapmoverscharlotte.com,moving@cheapmoverscharlotte.com,Public inbox,DiscoLike scrape
cheapmoverscincinnati.com,info@cheapmoverscincinnati.com,Public inbox,DiscoLike scrape
cheapmoverslosangeles.com,info@cheapmoverslosangeles.com,Public inbox,DiscoLike scrape
cheapmoversmanhattan.com,team@cheapmoversmanhattan.com,Public inbox,DiscoLike scrape
cheapmoversphiladelphia.com,movers@cheapmoversphiladelphia.com,Public inbox,DiscoLike scrape
cliffspencer.net,info@cliffspencer.net,Public inbox,DiscoLike scrape
clydesdalemoving.com,info@clydesdalemoving.com,Public inbox,DiscoLike scrape
coastalmobilestorage.com,info@coastalmobilestorage.com,Public inbox,DiscoLike scrape
coloradospringsmoversinc.com,info@coloradospringsmoversinc.com,Public inbox,DiscoLike scrape
coralspringsmoving.com,info@flamover.com,Public inbox,DiscoLike scrape
couthacts.com,support@couthacts.com,Public inbox,DiscoLike scrape
dansvanlines.com,service@dansvanlines.com,Public inbox,DiscoLike scrape
dc-to-nyc.com,moving@districtrelocators.com,Public inbox,DiscoLike scrape
delawaremovingandstorage.com,info@delawaremovingandstorage.com,Public inbox,DiscoLike scrape
delicatemoving.com,info@delicatemoving.net,Public inbox,DiscoLike scrape
demenagementalfa.ca,info@demenagementalfa.ca,Public inbox,DiscoLike scrape
demenagementharrissonexpress.com,info@harrissonexpress.ca,Public inbox,DiscoLike scrape
denniemurrmobilellc.com,info@denniemurrmobilellc.com,Public inbox,DiscoLike scrape
designertransport.com,info@designertransport.com,Public inbox,DiscoLike scrape
diarramoving.com,moving@diarramoving.com,Public inbox,DiscoLike scrape
dollarmoversllc.com,info@dollarmoversllc.com,Public inbox,DiscoLike scrape
eaglelines.com,contact@eaglelines.com,Public inbox,DiscoLike scrape
eagletransfer.net,moving@eaglegroup.com,Public inbox,DiscoLike scrape
eaglevanlines.com,info@eagletransgroup.com,Public inbox,DiscoLike scrape
easymovinginc.com,contact@emsgroupny.com,Public inbox,DiscoLike scrape
economovingstorage.com,info@economovingandstorage.ca,Public inbox,DiscoLike scrape
elitemoverreviews.com,info@elitemover.com,Public inbox,DiscoLike scrape
epmmovers.com,info@epmmovers.com,Public inbox,DiscoLike scrape
ericsmoving.com,info@ericsmovers.com,Public inbox,DiscoLike scrape
experiencedmovers.net,movers@experiencedmovers.net,Public inbox,DiscoLike scrape
expressmoversusa.com,info@expressmovers.com,Public inbox,DiscoLike scrape
fastprofessionalmovers.com,info@www.fastprofessionalmovers.com,Public inbox,DiscoLike scrape
findlayinternational.com,info@findlaymoving.com,Public inbox,DiscoLike scrape
findmoversnow.com,info@findmoversnow.com,Public inbox,DiscoLike scrape
firstchoicemovers.net,info@firstchoicemovers.net,Public inbox,DiscoLike scrape
fitnesslogistics.ca,info@fitnesslogistics.ca,Public inbox,DiscoLike scrape
focomoving.com,info@focomoving.com,Public inbox,DiscoLike scrape
formulaglobalmobility.com,sales@graneromoving.com,Public inbox,DiscoLike scrape
freshstartmovingservices.com,info@ronsmoving.com,Public inbox,DiscoLike scrape
garrettsmovinginc.com,info@garrettsmovinginc.com,Public inbox,DiscoLike scrape
gopherexpress.com,info@gopherexpress.com,Public inbox,DiscoLike scrape
grandmasatticmoving.com,info@grandmasatticmoving.com,Public inbox,DiscoLike scrape
gridironforwarding.com,accounting@grinmail.com,Public inbox,DiscoLike scrape
gwwmovingandstorage.com,info@weavermoving.com,Public inbox,DiscoLike scrape
hawkmoversfortworth.com,info@hawkmovers.com,Public inbox,DiscoLike scrape
helpersolutions.com,support@helpersolutions.com,Public inbox,DiscoLike scrape
herlihymoving.com,info@herlihymoving.com,Public inbox,DiscoLike scrape
hightouchmoving.com,info@hightouchmoving.com,Public inbox,DiscoLike scrape
hinghammoving.com,customerservice@hinghammoving.com,Public inbox,DiscoLike scrape
homeartmoving.ca,quotes@homeartmoving.ca,Public inbox,DiscoLike scrape
homesafetransit.com,info@nationwidemovingstorage.com,Public inbox,DiscoLike scrape
homesweethomemoving.com,info@movernicholasvilleky.com,Public inbox,DiscoLike scrape
hopsportablestorage.com,info@hopsportablestorage.com,Public inbox,DiscoLike scrape
hottubmover.ca,info@braymore.ca,Public inbox,DiscoLike scrape
housemoving.net,info@housemoving.com,Public inbox,DiscoLike scrape
inandoutmovinghelp.com,move@inandoutnow.com,Public inbox,DiscoLike scrape
intermove.com,move@intermove.com,Public inbox,DiscoLike scrape
internationalmover.com,info@abcmovers.com,Public inbox,DiscoLike scrape
internationalmovingcompany.com,info@abcmovers.com,Public inbox,DiscoLike scrape
interworkoffice.com,info@interworkoffice.com,Public inbox,DiscoLike scrape
jeffsexpressmoving.com,info@jeffsexpressmoving.com,Public inbox,DiscoLike scrape
josephmrusso.com,help@josephmrusso.com,Public inbox,DiscoLike scrape
jpmoving.com,info@jpmoving.com,Public inbox,DiscoLike scrape
karmamovers.com,info@karmamovers.com,Public inbox,DiscoLike scrape
karymovers.com,info@karymovers.com,Public inbox,DiscoLike scrape
kastermoving.com,info@kastermoving.com,Public inbox,DiscoLike scrape
katzmoving.com,info@katzmoving.com,Public inbox,DiscoLike scrape
kenwoodmoving.com,info@kenwoodmoving.com,Public inbox,DiscoLike scrape
kikismoversinc.com,support@kikismoversinc.com,Public inbox,DiscoLike scrape
knowltonmoving.com,info@knowltonmoving.com,Public inbox,DiscoLike scrape
kunispianomoving.com,info@kunispianomoving.com,Public inbox,DiscoLike scrape
kurtzmovers.net,info@kurtzmovers.net,Public inbox,DiscoLike scrape
larkinmovers.com,info@larkinmovers.com,Public inbox,DiscoLike scrape
littletonmovingcompany.com,info@littletonmovingcompany.com,Public inbox,DiscoLike scrape
lnlmovers.com,info@lnlmovers.com,Public inbox,DiscoLike scrape
local-movers.org,info@local-movers.org,Public inbox,DiscoLike scrape
localup.com,care@localup.com,Public inbox,DiscoLike scrape
longbeachmovers.org,support@longbeachmovers.org,Public inbox,DiscoLike scrape
longdistancemoversco.com,info@longdistancemoversco.com,Public inbox,DiscoLike scrape
lovemymover.com,sales@afriendlymover.com,Public inbox,DiscoLike scrape
lovesmovers.com,info@lovesmovers.com,Public inbox,DiscoLike scrape
manormoving.com,info@manormoving.com,Public inbox,DiscoLike scrape
marine-movers.com,info@marine-movers.com,Public inbox,DiscoLike scrape
marvistamovers.com,info@marvistamovers.com,Public inbox,DiscoLike scrape
mccabesmoving.com,info@mccabesmoving.com,Public inbox,DiscoLike scrape
mccannsbldgmovers.com,inquiries@mbmyyc.com,Public inbox,DiscoLike scrape
mesasystems.com,info@trivergix.com,Public inbox,DiscoLike scrape
metromoversvancouver.ca,service@metropolitanmovers.ca,Public inbox,DiscoLike scrape
metropolitanbrampton.ca,service@metropolitanmovers.ca,Public inbox,DiscoLike scrape
metropolitanetobicoke.ca,service@metropolitanmovers.ca,Public inbox,DiscoLike scrape
metropolitanswo.ca,contact@metropolitanswo.ca,Public inbox,DiscoLike scrape
miami-relocation.com,hello@miami-relocation.com,Public inbox,DiscoLike scrape
midwestmoving.ca,info@mid-westmoving.ca,Public inbox,DiscoLike scrape
millvalleymovers.com,info@millvalleymovers.com,Public inbox,DiscoLike scrape
missionhillsmovers.com,info@missionhillsmovers.com,Public inbox,DiscoLike scrape
montreal-demenagement.com,info@nordtrans.ca,Public inbox,DiscoLike scrape
morganmovingandstorage.com,sales@morganmovingandstorage.com,Public inbox,DiscoLike scrape
moveandparkmontreal.com,info@bustamovemoving.com,Public inbox,DiscoLike scrape
moveanytime.com,info@moveanytime.com,Public inbox,DiscoLike scrape
moveeasyer.com,info@moveeasyer.com,Public inbox,DiscoLike scrape
movefighters.com,support@movefighters.com,Public inbox,DiscoLike scrape
moveitawaytoday.com,info@takeitawaytoday.com,Public inbox,DiscoLike scrape
moveitwithms.com,info@moveitwithms.com,Public inbox,DiscoLike scrape
moveoutmen.net,info@moveoutmen.net,Public inbox,DiscoLike scrape
movermatcher.com,info@movermatcher.com,Public inbox,DiscoLike scrape
moversaustin.com,service@advantagemovingaustin.com,Public inbox,DiscoLike scrape
moversmakingsolutions.com,info@moversmakingsolutions.com,Public inbox,DiscoLike scrape
movingadvisors.com,contact@movingadvisors.com,Public inbox,DiscoLike scrape
movingboxesatlantaga.com,info@movingboxesatlantaga.com,Public inbox,DiscoLike scrape
movingexpressandstorage.com,info@movingx-press.com,Public inbox,DiscoLike scrape
movingpermits.com,info@permitpuller.com,Public inbox,DiscoLike scrape
movingplace.com,info@porchmovinggroup.com,Public inbox,DiscoLike scrape
movingsantarosa.com,info@carefulmovingnetwork.com,Public inbox,DiscoLike scrape
movingscrubs.com,hello@movingscrubs.com,Public inbox,DiscoLike scrape
movingservicescompany.com,contact@localmoversin.com,Public inbox,DiscoLike scrape
movinmurdy.com,info@movinmurdy.com,Public inbox,DiscoLike scrape
movinonmoving.com,customerservice@movinonmoving.com,Public inbox,DiscoLike scrape
mt-move.com,info@mt-move.com,Public inbox,DiscoLike scrape
musclemoversnd.com,info@musclemoversnd.com,Public inbox,DiscoLike scrape
muskokahawk.com,moving@muskokahawk.com,Public inbox,DiscoLike scrape
mvlmovers.ca,info@mvlmovers.ca,Public inbox,DiscoLike scrape
myinteriorstylist.com,info@myinteriorstylist.com,Public inbox,DiscoLike scrape
mymoverstoronto.ca,support@mymoverstoronto.ca,Public inbox,DiscoLike scrape
myupwardmoving.com,info@nationwidemovingstorage.com,Public inbox,DiscoLike scrape
nearmovers.com,support@nearmovers.com,Public inbox,DiscoLike scrape
neverdidestination.com,info@neverdidestination.com,Public inbox,DiscoLike scrape
newchaptersmoving.com,info@newchaptersmoving.com,Public inbox,DiscoLike scrape
newleafmovinggroup.com,info@newleafmovinggroup.com,Public inbox,DiscoLike scrape
northlakemoving.com,info@northlakemoving.com,Public inbox,DiscoLike scrape
oc-movers.com,contact@oc-movers.com,Public inbox,DiscoLike scrape
ocoeemovers.com,info@ocoeemovers.com,Public inbox,DiscoLike scrape
olympiaofficemovers.com,info@olympiamoving.com,Public inbox,DiscoLike scrape
orellanaavmoving.com,info@orellanamoving.com,Public inbox,DiscoLike scrape
organicopizzanj.com,info@organicopizzanj.com,Public inbox,DiscoLike scrape
organizewithmeg.com,contact@organizewithmeg.com,Public inbox,DiscoLike scrape
packingqueens.com,info@packingqueens.com,Public inbox,DiscoLike scrape
packritemovers.com,info@nationwidemovingstorage.com,Public inbox,DiscoLike scrape
padsanddolliesmoving.com,info@padsanddolliesmoving.com,Public inbox,DiscoLike scrape
paradisemove.com,info@paradisemove.com,Public inbox,DiscoLike scrape
parmamovers.com,customerservice@lincoln-parma.com,Public inbox,DiscoLike scrape
peersmoving.com,info@peersmoving.com,Public inbox,DiscoLike scrape
perrysburgmoving.com,info@massmediadesigns.com,Public inbox,DiscoLike scrape
pianomoversnetwork.com,info@modernconcepts.org,Public inbox,DiscoLike scrape
pimovers.com,office@pimovers.com,Public inbox,DiscoLike scrape
pinkdotmoving.com,contact@pinkdotmoving.com,Public inbox,DiscoLike scrape
pompanobeachmovers.com,info@pompanobeachmovers.com,Public inbox,DiscoLike scrape
premiummovers.com,freequote@premiummovers.com,Public inbox,DiscoLike scrape
premiummovingservices.com,dispatch@premiummoving.com,Public inbox,DiscoLike scrape
pricemovers.com,info@pricemovers.com,Public inbox,DiscoLike scrape
prossersmoving.com,movers@prossersmoving.com,Public inbox,DiscoLike scrape
quickmovershouston.com,service@quickmovershouston.com,Public inbox,DiscoLike scrape
ramseysmoving.com,info@ramseysmoving.com,Public inbox,DiscoLike scrape
reconsos.com,sales@reconofficeservices.com,Public inbox,DiscoLike scrape
redcarpetmovers.com,info@redcarpetmovers.com,Public inbox,DiscoLike scrape
redmanvan.com,info@redmanbillings.com,Public inbox,DiscoLike scrape
redpathmoving.com,info@redpathrelocations.com,Public inbox,DiscoLike scrape
reliablemovers.net,info@reliablemovers.net,Public inbox,DiscoLike scrape
reliablethirdparty.com,info@reliablethirdparty.com,Public inbox,DiscoLike scrape
reliancemovingga.com,info@reliancemovingga.com,Public inbox,DiscoLike scrape
reliefmovers.com,info@abcmail.com,Public inbox,DiscoLike scrape
removals24.co.za,info@removals24.co.za,Public inbox,DiscoLike scrape
remuvers.com,hello@remuvers.com,Public inbox,DiscoLike scrape
rockymountainmovers.net,sales@rmmutah.com,Public inbox,DiscoLike scrape
royalmovingstorage.com,sales@royalmovingstorage.com,Public inbox,DiscoLike scrape
sactomovers.com,movers@sactomovers.com,Public inbox,DiscoLike scrape
safeboundmoving.com,info@safebound.com,Public inbox,DiscoLike scrape
sandiegobestmovers.com,info@sandiegobestmovers.com,Public inbox,DiscoLike scrape
scottrelo.com,info@conlonmoving.com,Public inbox,DiscoLike scrape
seatoskymoving.ca,hello@brightfuturebrands.com,Public inbox,DiscoLike scrape
securemovinginc.com,info@securemovinginc.com,Public inbox,DiscoLike scrape
simplemovinglabor.com,info@porchmovinggroup.com,Public inbox,DiscoLike scrape
simplifiedmovingsolutions.com,info@simplifiedmovingsolutions.com,Public inbox,DiscoLike scrape
skaleskimoving.com,info@skaleskimoving.com,Public inbox,DiscoLike scrape
slickmoving.com,sales@diamondhandsmoving.com,Public inbox,DiscoLike scrape
smallmoverswichitaks.com,info@my2movers.com,Public inbox,DiscoLike scrape
smoovemover.com,info@smoovemover.com,Public inbox,DiscoLike scrape
snapstorage.com,support@snapstorage.com,Public inbox,DiscoLike scrape
soulmammas.com,info@soulmammas.com,Public inbox,DiscoLike scrape
speedykingmovers.com,sales@skmover.com,Public inbox,DiscoLike scrape
steinwayvanlines.com,info@steinwayvanlines.com,Public inbox,DiscoLike scrape
stgeorgemovers.com,info@stgeorgemovers.com,Public inbox,DiscoLike scrape
stowspot.com,support@stowspot.com,Public inbox,DiscoLike scrape
stuartsmovingandstorage.com,info@stuartsmovingandstorage.com,Public inbox,DiscoLike scrape
summitvanlines.com,info@summitvanlines.com,Public inbox,DiscoLike scrape
swmovers.net,info@swmovers.net,Public inbox,DiscoLike scrape
thecommonwealthmovers.com,info@thecommonwealthmovers.com,Public inbox,DiscoLike scrape
thedeliverbees.com,team@thedeliverbees.com,Public inbox,DiscoLike scrape
thehomesweetmoving.com,info@nationwidemovingstorage.com,Public inbox,DiscoLike scrape
theneatery.com,hello@theneatery.com,Public inbox,DiscoLike scrape
thewirelessweb.com,help@athensmicro.com,Public inbox,DiscoLike scrape
tmc4u.org,info@tmc4u.com,Public inbox,DiscoLike scrape
topmovingandstorageinc.com,info@topmovingandstorageinc.com,Public inbox,DiscoLike scrape
torontomovers.com,contact@torontomovers.com,Public inbox,DiscoLike scrape
total-movers.com,info@total-movers.com,Public inbox,DiscoLike scrape
transusamoving.com,info@transusamoving.com,Public inbox,DiscoLike scrape
trianglemovers.com,sales@trianglemovers.com,Public inbox,DiscoLike scrape
truckinmovers.com,info@truckinmovers.com,Public inbox,DiscoLike scrape
turbomovingservice.com,order@turbomovingservice.com,Public inbox,DiscoLike scrape
tvtmovers.com,sales@tvtmovers.com,Public inbox,DiscoLike scrape
u-trustmoving.com,info@u-trustmoving.com,Public inbox,DiscoLike scrape
utahsmovingandstorage.com,contact@utahsmovingandstorage.com,Public inbox,DiscoLike scrape
vanexpressnj.com,info@vanexpressmoving.com,Public inbox,DiscoLike scrape
vectormovers.com,info@vectormoversnj.com,Public inbox,DiscoLike scrape
veteransmovingamerica.com,booking@vmafamily.com,Public inbox,DiscoLike scrape
via-vault.com,info@via-vault.com,Public inbox,DiscoLike scrape
walterpianotransport.com,info@walterpianotransport.com,Public inbox,DiscoLike scrape
wattsbrothersmoving.com,info@wattsbrothers.com,Public inbox,DiscoLike scrape
westpalmbeachmoving.com,info@westpalmbeachmoving.com,Public inbox,DiscoLike scrape
westpalmbeachmovingcompany.com,info@bigstarmoving.com,Public inbox,DiscoLike scrape
westwoodmovers.org,info@westwoodmovers.org,Public inbox,DiscoLike scrape
wilmingtonmovingservice.com,info@wilmingtonmovingservice.com,Public inbox,DiscoLike scrape
woodstockpromovers.com,info@nationwidemovingstorage.com,Public inbox,DiscoLike scrape
yellowexpress.com,mail@yellowexpress.com.au,Public inbox,DiscoLike scrape
4thfloormovers.com,david@byebyebasura.com,Personal no-name,DiscoLike scrape
a1movingco.ca,movinggenerations@cogeco.ca,Personal no-name,DiscoLike scrape
aaggomovers.com,gncharette@aaggomovers.com,Personal no-name,DiscoLike scrape
absolutemoving.net,absolutemoving@comcast.net,Personal no-name,DiscoLike scrape
actionmovingct.com,richcogill@actionmovingct.com,Personal no-name,DiscoLike scrape
actransfer.com,actransferdelavan@gmail.com,Personal no-name,DiscoLike scrape
adlermoving.ca,adlermoving@bellnet.ca,Personal no-name,DiscoLike scrape
affiliatedmoving.com,tyson@affiliatedmoving.com,Personal no-name,DiscoLike scrape
affordableangels.com,tom@affordableangels.com,Personal no-name,DiscoLike scrape
affordablemovingutah.com,hyrum.rosquist@kw.com,Personal no-name,DiscoLike scrape
albertodiazmoving.com,jd1603@att.com,Personal no-name,DiscoLike scrape
alexandretransportationsolutions.com,richard@alexandretransportationsolutions.com,Personal no-name,DiscoLike scrape
allassuredmovingservicesva.com,allassuredmoving@comcast.net,Personal no-name,DiscoLike scrape
alliedvanlines.ca,intlclaims@sirva.com,Personal no-name,DiscoLike scrape
alohajoemovers.com,joe@alohajoemovers.com,Personal no-name,DiscoLike scrape
alphamovingnstorage.com,jeff@alphamovingnstorage.com,Personal no-name,DiscoLike scrape
alwayshelpfulmovers.com,john@alwayshelpfulmovers.com,Personal no-name,DiscoLike scrape
amarosrm.com,infoquote@amarosrm.com,Personal no-name,DiscoLike scrape
anchoragemovingco.com,anchoragemovingco@gmail.com,Personal no-name,DiscoLike scrape
arrangedbyerin.com,erin@arrangedbyerin.com,Personal no-name,DiscoLike scrape
artofdelivery.com,vg@artofdelivery.com,Personal no-name,DiscoLike scrape
asapmovers.com,kasey@asapmovers.com,Personal no-name,DiscoLike scrape
asupermove.com,jchwe@asupermove.com,Personal no-name,DiscoLike scrape
atlanticmoversllc.com,am@atlanticmoversllc.com,Personal no-name,DiscoLike scrape
atx-movers.com,april@atx-movers.com,Personal no-name,DiscoLike scrape
austinhometransitions.com,liz@austinhometransitions.com,Personal no-name,DiscoLike scrape
avillagelocksmithrekey.com,village@nukeyco.com,Personal no-name,DiscoLike scrape
bairdmoving.com,sean@baird-inc.com,Personal no-name,DiscoLike scrape
baronworldwide.com,international@johnson-united.com,Personal no-name,DiscoLike scrape
barrbrosmoving.com,barrbrothers@optonline.net,Personal no-name,DiscoLike scrape
bestusmoving.com,grygoriychuk@bestusmovinginc.com,Personal no-name,DiscoLike scrape
betterdealmovers.com,betterdealmovers08@gmail.com,Personal no-name,DiscoLike scrape
bigboysmoving.net,bigboys@pacbell.net,Personal no-name,DiscoLike scrape
bigguys.biz,benrogers@bigguys.biz,Personal no-name,DiscoLike scrape
bkmovers.com,bkmove@comcast.net,Personal no-name,DiscoLike scrape
blue-move.com,philadelphia@blue-move.com,Personal no-name,DiscoLike scrape
bosenterprisesinc.com,debbie@bosmovers.com,Personal no-name,DiscoLike scrape
bosleymovers.com,bosleymovers@gmail.com,Personal no-name,DiscoLike scrape
bouffardtransfer.net,bbouffard@bouffardtransfer.net,Personal no-name,DiscoLike scrape
boxngo.com,donot-reply@boxngo.com,Personal no-name,DiscoLike scrape
bpmovers.com,bill@bpmovers.com,Personal no-name,DiscoLike scrape
bridgeforwardmoving.com,lisa@bridgeforwardmoving.com,Personal no-name,DiscoLike scrape
callahanbrothers.net,armeno@joycevanlines.com,Personal no-name,DiscoLike scrape
camelotmovers.com,camelot@camelotmovers.com,Personal no-name,DiscoLike scrape
cannonmovingclovis.com,sandy@cmsbekins.com,Personal no-name,DiscoLike scrape
celticmovers.com,celticmoving@att.net,Personal no-name,DiscoLike scrape
ceratilogistics.com,edgar@ceratilogistics.com,Personal no-name,DiscoLike scrape
changingplacesmovers.com,changingplaces@cpmoving.com,Personal no-name,DiscoLike scrape
chegabem.com,mudancas@xmoving.net,Personal no-name,DiscoLike scrape
circlemoving.com,dpobrasil@sirva.com,Personal no-name,DiscoLike scrape
collinsbros.com,collins@collinsbros.com,Personal no-name,DiscoLike scrape
colonialvanlines.com,clientsupport@colonialvanlines.com,Personal no-name,DiscoLike scrape
columbusprofessionalmover.com,mike@helpinghandsmovingservice.com,Personal no-name,DiscoLike scrape
corporateofficeinstallations.com,mike@coi-boise.com,Personal no-name,DiscoLike scrape
countryclubmoving.com,colquettvandyke@gmail.com,Personal no-name,DiscoLike scrape
cratosmoving.com,info.cratosmoving@gmail.com,Personal no-name,DiscoLike scrape
crowningtouchusa.com,savanna@crowningtouchusa.com,Personal no-name,DiscoLike scrape
d2moving.com,jheight@d2moving.com,Personal no-name,DiscoLike scrape
demenagementgv.ca,germainvilleneuve@videotron.ca,Personal no-name,DiscoLike scrape
demenagementsaintmarcel.ca,web@anugomedia.ca,Personal no-name,DiscoLike scrape
demenagementstjoseph.com,demenagementjoseph@gmail.com,Personal no-name,DiscoLike scrape
dwewingmovers.com,dwewing@dwewingmovers.com,Personal no-name,DiscoLike scrape
easternvanlines.com,bill@easternvanlines.com,Personal no-name,DiscoLike scrape
ecmoving.com,teamecms@ecmoving.com,Personal no-name,DiscoLike scrape
economymoving.com,emailus@economymoving.com,Personal no-name,DiscoLike scrape
economymoving.net,economy@roadrunner.com,Personal no-name,DiscoLike scrape
eldermoves.net,maryann@eldermoves.net,Personal no-name,DiscoLike scrape
ezbins.com,crew@ezbins.com,Personal no-name,DiscoLike scrape
fabiomoving.com,fabio@fabiomoving.com,Personal no-name,DiscoLike scrape
fallonmoving.com,ashleyr@fallonmoving.com,Personal no-name,DiscoLike scrape
first-ratemoving.net,danieltsmith@first-ratemoving.net,Personal no-name,DiscoLike scrape
foxginn.com,wprest@att.net,Personal no-name,DiscoLike scrape
fridrichmoving.com,fridrich@weleski.com,Personal no-name,DiscoLike scrape
gastleysmovers.com,gastleysmoving@earthlink.net,Personal no-name,DiscoLike scrape
globalvanlines.com,privacy.administrator@sirva.com,Personal no-name,DiscoLike scrape
goschiele.com,dave@teamschiele.com,Personal no-name,DiscoLike scrape
gowitherin.com,your-email@gowitherin.com,Personal no-name,DiscoLike scrape
gracemovers.com,gracemovers@att.net,Personal no-name,DiscoLike scrape
handsonmovers.com,handsonmovers303@gmail.com,Personal no-name,DiscoLike scrape
hartmovingandstorage.com,kayla@hartmoving.net,Personal no-name,DiscoLike scrape
hasslefree-movers.com,mmccamish@avilashfs.com,Personal no-name,DiscoLike scrape
haul.dev,ops_support@haulco.com,Personal no-name,DiscoLike scrape
heavyliftmovingcompany.com,hlmovingco@gmail.com,Personal no-name,DiscoLike scrape
herderbrothers.com,herderbros@ix.netcom.com,Personal no-name,DiscoLike scrape
highlinedelivery.com,highlinedeliveryandstorage@yahoo.com,Personal no-name,DiscoLike scrape
intercontinentalgroup.com,ivl@intercontinentalgroup.com,Personal no-name,DiscoLike scrape
jlmoving.ca,jlmoving@shaw.ca,Personal no-name,DiscoLike scrape
jordanrivermovers.com,jordanriver@jordanrivermoving.com,Personal no-name,DiscoLike scrape
kilroymovers.com,kilroybros@comcast.net,Personal no-name,DiscoLike scrape
kinetixlogistics.com,raj.athyala@kinetixlogistics.in,Personal no-name,DiscoLike scrape
laddmoving.com,jeladd@laddmoving.com,Personal no-name,DiscoLike scrape
lafayettemoving.com,rfroehlic@lafayettemoving.com,Personal no-name,DiscoLike scrape
lakecountrymovingco.com,senecamovers@hotmail.com,Personal no-name,DiscoLike scrape
lawtonmoving.com,lawtonmoving@cox.net,Personal no-name,DiscoLike scrape
localmoversoakland.com,eric@localmoversoakland.com,Personal no-name,DiscoLike scrape
louderbackmoving.com,integritymatters@unigroupinc.com,Personal no-name,DiscoLike scrape
mccombsmoving.com,johnny@mccombsmoving.com,Personal no-name,DiscoLike scrape
mckeemoving.com,mckee.moving@sasktel.net,Personal no-name,DiscoLike scrape
mcnaughtonallied.com,chip@mbi-avl.com,Personal no-name,DiscoLike scrape
metropolitandurham.ca,metropolitandurham051@gmail.com,Personal no-name,DiscoLike scrape
miboxnb.com,mibox@johnsonmoving.ca,Personal no-name,DiscoLike scrape
miboxnwi.com,nwisales@getmibox.com,Personal no-name,DiscoLike scrape
milehighmoversllc.com,milehighmoversllc@gmail.com,Personal no-name,DiscoLike scrape
mjwesselsmoving.com,moreinfo@mjwesselsmoving.com,Personal no-name,DiscoLike scrape
moderna.us,nevena@moderna.us,Personal no-name,DiscoLike scrape
monarchmovers.com,yourmove@monarchmovers.com,Personal no-name,DiscoLike scrape
moretzmoving.net,tmmoving@frontiernet.net,Personal no-name,DiscoLike scrape
movelogistics.net,stephanie@movelogisticstx.com,Personal no-name,DiscoLike scrape
moverspleasanton.com,mark@movers-ca.com,Personal no-name,DiscoLike scrape
movewithquality.com,joshua@marylandmoving.com,Personal no-name,DiscoLike scrape
moving.ca,twosmallmen@moving.ca,Personal no-name,DiscoLike scrape
moving.furniture,chris@moving.furniture,Personal no-name,DiscoLike scrape
moving.homes,webteam@astoriacompany.com,Personal no-name,DiscoLike scrape
movingpackinggroup.com,kilau4d@official.com,Personal no-name,DiscoLike scrape
movingstarsmotorhomes.com,movingstars1@gmail.com,Personal no-name,DiscoLike scrape
mpmoinc.com,dvance@mpmoinc.com,Personal no-name,DiscoLike scrape
mysimplepaths.com,elzabeth@mysimplepaths.com,Personal no-name,DiscoLike scrape
nationalforwarding.com,ncsclaims@ncsclaims.com,Personal no-name,DiscoLike scrape
njmovers.com,tracy@njwma.org,Personal no-name,DiscoLike scrape
northamericanvanlines.ca,dpobrasil@sirva.com,Personal no-name,DiscoLike scrape
oceanmovingandstorage.com,fiona@oceanmovingandstorage.com,Personal no-name,DiscoLike scrape
oldfashionmoving.com,jonathan@oldfashionmoving.com,Personal no-name,DiscoLike scrape
onyourmarkdelivery.ca,onyourmark@telus.net,Personal no-name,DiscoLike scrape
organizebydesign.info,obdneb@gmail.com,Personal no-name,DiscoLike scrape
oscarseguramoving.com,oscarseguramoving@gmail.com,Personal no-name,DiscoLike scrape
oxonhillmover.com,mgomovers@gmail.com,Personal no-name,DiscoLike scrape
packersmoverssf.com,pmsf@localphd.com,Personal no-name,DiscoLike scrape
palermomoving.net,joe@palermomoving.com,Personal no-name,DiscoLike scrape
paramountmoving.ca,nfo@paramountmoving.ca,Personal no-name,DiscoLike scrape
parkersmoving.ca,aaron@parkersmoving.ca,Personal no-name,DiscoLike scrape
paylessmovingsj.com,paylessmoving@comcast.net,Personal no-name,DiscoLike scrape
piano2move.com,piano2move@gmail.com,Personal no-name,DiscoLike scrape
pianomovervancouver.com,musicbox@shaw.ca,Personal no-name,DiscoLike scrape
piccolosfriendlymovers.com,jeff@piccolosfriendlymovers.com,Personal no-name,DiscoLike scrape
piggybackmoving.com,nfo@piggybackmoving.com,Personal no-name,DiscoLike scrape
preferred-movers.com,pat@preferred-movers.com,Personal no-name,DiscoLike scrape
premiervanlines.com,neena@premiervanlines.com,Personal no-name,DiscoLike scrape
prestigemovingandstorage.us,pmsofswfl@aol.com,Personal no-name,DiscoLike scrape
purelycanadianmovers.com,esales@pcmovers.ca,Personal no-name,DiscoLike scrape
pyramidmovers.com,ca@cws.la,Personal no-name,DiscoLike scrape
queencitymoving.com,order78@queencitymoving.com,Personal no-name,DiscoLike scrape
queencreekmoving.com,josh@myfavoritewebdesigns.com,Personal no-name,DiscoLike scrape
rckmoving.com,montes1962jose@gmail.com,Personal no-name,DiscoLike scrape
redball.com,corporate@invan.com,Personal no-name,DiscoLike scrape
ritewaymoving.com,alvin@ripplesolutions.io,Personal no-name,DiscoLike scrape
sacramento-movers.com,sacramento@thedashmovers.com,Personal no-name,DiscoLike scrape
safepackandstore.com,claims@spsmoving.com,Personal no-name,DiscoLike scrape
sandrmoving.ca,sandrmoving@sasktel.net,Personal no-name,DiscoLike scrape
schuckmoving.com,schuck@schuckmoving.com,Personal no-name,DiscoLike scrape
shaddaimoving.com,kevin@shaddaimoving.com,Personal no-name,DiscoLike scrape
shawmovingandstorage.com,craigshaw99@hotmail.com,Personal no-name,DiscoLike scrape
shultzhousemoving.com,scott@shultzcompany.com,Personal no-name,DiscoLike scrape
smoothmovesatl.com,erik@smoothmovesatl.com,Personal no-name,DiscoLike scrape
softtouchmoving.com,paul@gizoom.com,Personal no-name,DiscoLike scrape
starsidemovers.com,starsidemovers@outlook.com,Personal no-name,DiscoLike scrape
stewartmovingandstorage.com,jenz@stewartms.com,Personal no-name,DiscoLike scrape
summitmoversinc.com,moveup@summitmoversinc.com,Personal no-name,DiscoLike scrape
sunbeltmoving.com,marty@sunbeltmoving.com,Personal no-name,DiscoLike scrape
sunshinesandiego.com,carrie@moovhappy.com,Personal no-name,DiscoLike scrape
systemsofficesolutions.com,jortega@systemsofficesolutions.com,Personal no-name,DiscoLike scrape
tannervanlines.com,jenz@stewartms.com,Personal no-name,DiscoLike scrape
teamupmovers.com,social@firstdayinc.com,Personal no-name,DiscoLike scrape
texasbluelinemoving.com,ray@texasbluelinemoving.com,Personal no-name,DiscoLike scrape
texasmovingcenter.com,armando.m@texasmovingcenter.com,Personal no-name,DiscoLike scrape
thebilliardproservice.com,thebilliardpro1994@gmail.com,Personal no-name,DiscoLike scrape
theelephantmoversllc.com,amid@theelephantmoversllc.com,Personal no-name,DiscoLike scrape
theequityguard.com,ron@greatestmoves.com,Personal no-name,DiscoLike scrape
themodernminimalist.biz,devin@themodernminimalist.biz,Personal no-name,DiscoLike scrape
titanmovingservices.com,titan@titanmovingservices.com,Personal no-name,DiscoLike scrape
tobinandsons.com,customersupport@tobinandsons.com,Personal no-name,DiscoLike scrape
tryusmoving.ca,tryusmov@telus.net,Personal no-name,DiscoLike scrape
turcottemoving.com,steve@turcottemovingstorage.com,Personal no-name,DiscoLike scrape
twoscotsmoving.com,diane@twoscotsmoving.com,Personal no-name,DiscoLike scrape
universalmoversllc.com,mymoveinfo@universalmllc.com,Personal no-name,DiscoLike scrape
universitystorageandmovers.com,universitystorageandmovers@gmail.com,Personal no-name,DiscoLike scrape
usexpressmoving.com,adwords01@usexpressmoving.net,Personal no-name,DiscoLike scrape
vipmoversandstorage.com,viprelocation@sbcglobal.net,Personal no-name,DiscoLike scrape
vipmovingcompany.com,tearl@vipmovingcompany.com,Personal no-name,DiscoLike scrape
voyagemoving.com,jarodg@voyagemoving.com,Personal no-name,DiscoLike scrape
wemovestuff.net,glenn@southingtondigital.com,Personal no-name,DiscoLike scrape
whiteglovedelivery.com,austininfo@cadogantate.com,Personal no-name,DiscoLike scrape
wkbanjia.com,dahuzi@xintheme.com,Personal no-name,DiscoLike scrape
wolfemoving.com,chris@wolfemoving.com,Personal no-name,DiscoLike scrape
wurthorganizing.com,danielle@wurthorganizing.com,Personal no-name,DiscoLike scrape
yourpersonalmover.net,ypm@yourpersonalmoverinc.com,Personal no-name,DiscoLike scrape
