Domain,Public_Email
1800moovers.com,info@1800moovers.com
a-1pianos.com,info@a-1pianos.com.com
a-plus-organizing.com,info@aplusorganizing.com
a-zmovers.net,info@a-zmovers.net
aacorp-usa.com,contactus@aarelocation.com
abelincolnmovers.com,info@abelincolnmovers.com
aboutmoves.com,office@aboutmoves.com
abqmover.com,sales@easymovinglabor.com
accelerateddeliveries.com,contact@accelerateddeliveries.com
accentmovers.ca,info@accentmovers.ca
acesmovingpros.com,info@acesmovingpros.com
advantagemovingaustin.com,service@advantagemovingaustin.com
affordablechicago.com,info@affordablechicago.com
alachuamovers.com,info@alachuamovers.com
alldirectionsvanlines.com,quote@bestusmovinginc.com
allegiantmovingsystems.com,info@allegiantmovingservices.com
allservicesplus.net,contact@all-services.ca
allstatemovingandstorage.net,info@allstatemovingandstorage.net
alpinemovingandstorage.com,info@alpinemovingandstorage.com
alsmoving.com,contact@alsmoving.com
amenitymovers.com,move@amenitymoving.com
americaneaglemover.com,sales@americaneaglemover.com
amerotorontomovers.ca,contact@amerotorontomovers.ca
anytimemovers.com,info@anytimemoversdc.com
arizonamovingexperts.com,info@arizonamovingexperts.com
asgs.us,support@allseasonmovers.com
assistmoving.com,sales@assistmoving.com
astorageplacefla.com,info@astorageplacefla.com
awtransportation.com,info@awtransportation.com
axlemovers.com,info@findthehomepros.com
bargainmoversinc.com,info@bargainmoversinc.com
bedandbreakfastsandayorkney.com,info@bedandbreakfastsandayorkney.com
bennettsmoving.com,info@bennettsmoving.com
bestcheapmoversorangecounty.com,info@bestcheapmoversorangecounty.com
bestmoverstoronto.ca,info@bestmoverstoronto.ca
bestwaytomove.com,info@bestwaytomove.com
bigtmovers.com,info@bigtmovers.com
bloominternational.com,general@bloominternational.com
bluecowmoving.com,move@bluecowmoving.com
blueridgemountainmoving.com,info@pinnaclemgp.com
bormannbrosinc.com,sales@bormann.us
bosmove.com,info@bosmove.com
boydmoving.com,sales@boyd.ca
brooklynmovinginc.com,info@brooklynmovinginc.com
brookstransfer.com,info@brookstransfer.com
brownstonebrothers.com,info@brownstonebros.com
californiamovingservices.com,hello@californiamovingservices.com
calimovers.net,info@calimovers.net
carativemovemanagers.com,info@carative.com
cedarparkmovers.com,quote@cedarparkmovers.com
cegmovers.com,info@cegmovers.com
celinamovingandstorage.com,customerservice@celinamoving.com
cgmovingcompany.com,info@cgmovingcompany.com
cheaphousemovers.com,info@cheaphousemovers.com.au
cheapmoversaustin.com,sales@moversaustintx.com
cheapmoverscharlotte.com,moving@cheapmoverscharlotte.com
cheapmoverscincinnati.com,info@cheapmoverscincinnati.com
cheapmoverslosangeles.com,info@cheapmoverslosangeles.com
cheapmoversmanhattan.com,team@cheapmoversmanhattan.com
cheapmoversphiladelphia.com,movers@cheapmoversphiladelphia.com
cliffspencer.net,info@cliffspencer.net
clydesdalemoving.com,info@clydesdalemoving.com
coastalmobilestorage.com,info@coastalmobilestorage.com
coloradospringsmoversinc.com,info@coloradospringsmoversinc.com
coralspringsmoving.com,info@flamover.com
couthacts.com,support@couthacts.com
dansvanlines.com,service@dansvanlines.com
dc-to-nyc.com,moving@districtrelocators.com
delawaremovingandstorage.com,info@delawaremovingandstorage.com
delicatemoving.com,info@delicatemoving.net
demenagementalfa.ca,info@demenagementalfa.ca
demenagementharrissonexpress.com,info@harrissonexpress.ca
denniemurrmobilellc.com,info@denniemurrmobilellc.com
designertransport.com,info@designertransport.com
diarramoving.com,moving@diarramoving.com
dollarmoversllc.com,info@dollarmoversllc.com
eaglelines.com,contact@eaglelines.com
eagletransfer.net,moving@eaglegroup.com
eaglevanlines.com,info@eagletransgroup.com
easymovinginc.com,contact@emsgroupny.com
economovingstorage.com,info@economovingandstorage.ca
elitemoverreviews.com,info@elitemover.com
epmmovers.com,info@epmmovers.com
ericsmoving.com,info@ericsmovers.com
experiencedmovers.net,movers@experiencedmovers.net
expressmoversusa.com,info@expressmovers.com
fastprofessionalmovers.com,info@www.fastprofessionalmovers.com
findlayinternational.com,info@findlaymoving.com
findmoversnow.com,info@findmoversnow.com
firstchoicemovers.net,info@firstchoicemovers.net
fitnesslogistics.ca,info@fitnesslogistics.ca
focomoving.com,info@focomoving.com
formulaglobalmobility.com,sales@graneromoving.com
freshstartmovingservices.com,info@ronsmoving.com
garrettsmovinginc.com,info@garrettsmovinginc.com
gopherexpress.com,info@gopherexpress.com
grandmasatticmoving.com,info@grandmasatticmoving.com
gridironforwarding.com,accounting@grinmail.com
gwwmovingandstorage.com,info@weavermoving.com
hawkmoversfortworth.com,info@hawkmovers.com
helpersolutions.com,support@helpersolutions.com
herlihymoving.com,info@herlihymoving.com
hightouchmoving.com,info@hightouchmoving.com
hinghammoving.com,customerservice@hinghammoving.com
homeartmoving.ca,quotes@homeartmoving.ca
homesafetransit.com,info@nationwidemovingstorage.com
homesweethomemoving.com,info@movernicholasvilleky.com
hopsportablestorage.com,info@hopsportablestorage.com
hottubmover.ca,info@braymore.ca
housemoving.net,info@housemoving.com
inandoutmovinghelp.com,move@inandoutnow.com
intermove.com,move@intermove.com
internationalmover.com,info@abcmovers.com
internationalmovingcompany.com,info@abcmovers.com
interworkoffice.com,info@interworkoffice.com
jeffsexpressmoving.com,info@jeffsexpressmoving.com
josephmrusso.com,help@josephmrusso.com
jpmoving.com,info@jpmoving.com
karmamovers.com,info@karmamovers.com
karymovers.com,info@karymovers.com
kastermoving.com,info@kastermoving.com
katzmoving.com,info@katzmoving.com
kenwoodmoving.com,info@kenwoodmoving.com
kikismoversinc.com,support@kikismoversinc.com
knowltonmoving.com,info@knowltonmoving.com
kunispianomoving.com,info@kunispianomoving.com
kurtzmovers.net,info@kurtzmovers.net
larkinmovers.com,info@larkinmovers.com
littletonmovingcompany.com,info@littletonmovingcompany.com
lnlmovers.com,info@lnlmovers.com
local-movers.org,info@local-movers.org
localup.com,care@localup.com
longbeachmovers.org,support@longbeachmovers.org
longdistancemoversco.com,info@longdistancemoversco.com
lovemymover.com,sales@afriendlymover.com
lovesmovers.com,info@lovesmovers.com
manormoving.com,info@manormoving.com
marine-movers.com,info@marine-movers.com
marvistamovers.com,info@marvistamovers.com
mccabesmoving.com,info@mccabesmoving.com
mccannsbldgmovers.com,inquiries@mbmyyc.com
mesasystems.com,info@trivergix.com
metromoversvancouver.ca,service@metropolitanmovers.ca
metropolitanbrampton.ca,service@metropolitanmovers.ca
metropolitanetobicoke.ca,service@metropolitanmovers.ca
metropolitanswo.ca,contact@metropolitanswo.ca
miami-relocation.com,hello@miami-relocation.com
midwestmoving.ca,info@mid-westmoving.ca
millvalleymovers.com,info@millvalleymovers.com
missionhillsmovers.com,info@missionhillsmovers.com
montreal-demenagement.com,info@nordtrans.ca
morganmovingandstorage.com,sales@morganmovingandstorage.com
moveandparkmontreal.com,info@bustamovemoving.com
moveanytime.com,info@moveanytime.com
moveeasyer.com,info@moveeasyer.com
movefighters.com,support@movefighters.com
moveitawaytoday.com,info@takeitawaytoday.com
moveitwithms.com,info@moveitwithms.com
moveoutmen.net,info@moveoutmen.net
movermatcher.com,info@movermatcher.com
moversaustin.com,service@advantagemovingaustin.com
moversmakingsolutions.com,info@moversmakingsolutions.com
movingadvisors.com,contact@movingadvisors.com
movingboxesatlantaga.com,info@movingboxesatlantaga.com
movingexpressandstorage.com,info@movingx-press.com
movingpermits.com,info@permitpuller.com
movingplace.com,info@porchmovinggroup.com
movingsantarosa.com,info@carefulmovingnetwork.com
movingscrubs.com,hello@movingscrubs.com
movingservicescompany.com,contact@localmoversin.com
movinmurdy.com,info@movinmurdy.com
movinonmoving.com,customerservice@movinonmoving.com
mt-move.com,info@mt-move.com
musclemoversnd.com,info@musclemoversnd.com
muskokahawk.com,moving@muskokahawk.com
mvlmovers.ca,info@mvlmovers.ca
myinteriorstylist.com,info@myinteriorstylist.com
mymoverstoronto.ca,support@mymoverstoronto.ca
myupwardmoving.com,info@nationwidemovingstorage.com
nearmovers.com,support@nearmovers.com
neverdidestination.com,info@neverdidestination.com
newchaptersmoving.com,info@newchaptersmoving.com
newleafmovinggroup.com,info@newleafmovinggroup.com
northlakemoving.com,info@northlakemoving.com
oc-movers.com,contact@oc-movers.com
ocoeemovers.com,info@ocoeemovers.com
olympiaofficemovers.com,info@olympiamoving.com
orellanaavmoving.com,info@orellanamoving.com
organicopizzanj.com,info@organicopizzanj.com
organizewithmeg.com,contact@organizewithmeg.com
packingqueens.com,info@packingqueens.com
packritemovers.com,info@nationwidemovingstorage.com
padsanddolliesmoving.com,info@padsanddolliesmoving.com
paradisemove.com,info@paradisemove.com
parmamovers.com,customerservice@lincoln-parma.com
peersmoving.com,info@peersmoving.com
perrysburgmoving.com,info@massmediadesigns.com
pianomoversnetwork.com,info@modernconcepts.org
pimovers.com,office@pimovers.com
pinkdotmoving.com,contact@pinkdotmoving.com
pompanobeachmovers.com,info@pompanobeachmovers.com
premiummovers.com,freequote@premiummovers.com
premiummovingservices.com,dispatch@premiummoving.com
pricemovers.com,info@pricemovers.com
prossersmoving.com,movers@prossersmoving.com
quickmovershouston.com,service@quickmovershouston.com
ramseysmoving.com,info@ramseysmoving.com
reconsos.com,sales@reconofficeservices.com
redcarpetmovers.com,info@redcarpetmovers.com
redmanvan.com,info@redmanbillings.com
redpathmoving.com,info@redpathrelocations.com
reliablemovers.net,info@reliablemovers.net
reliablethirdparty.com,info@reliablethirdparty.com
reliancemovingga.com,info@reliancemovingga.com
reliefmovers.com,info@abcmail.com
removals24.co.za,info@removals24.co.za
remuvers.com,hello@remuvers.com
rockymountainmovers.net,sales@rmmutah.com
royalmovingstorage.com,sales@royalmovingstorage.com
sactomovers.com,movers@sactomovers.com
safeboundmoving.com,info@safebound.com
sandiegobestmovers.com,info@sandiegobestmovers.com
scottrelo.com,info@conlonmoving.com
seatoskymoving.ca,hello@brightfuturebrands.com
securemovinginc.com,info@securemovinginc.com
simplemovinglabor.com,info@porchmovinggroup.com
simplifiedmovingsolutions.com,info@simplifiedmovingsolutions.com
skaleskimoving.com,info@skaleskimoving.com
slickmoving.com,sales@diamondhandsmoving.com
smallmoverswichitaks.com,info@my2movers.com
smoovemover.com,info@smoovemover.com
snapstorage.com,support@snapstorage.com
soulmammas.com,info@soulmammas.com
speedykingmovers.com,sales@skmover.com
steinwayvanlines.com,info@steinwayvanlines.com
stgeorgemovers.com,info@stgeorgemovers.com
stowspot.com,support@stowspot.com
stuartsmovingandstorage.com,info@stuartsmovingandstorage.com
summitvanlines.com,info@summitvanlines.com
swmovers.net,info@swmovers.net
thecommonwealthmovers.com,info@thecommonwealthmovers.com
thedeliverbees.com,team@thedeliverbees.com
thehomesweetmoving.com,info@nationwidemovingstorage.com
theneatery.com,hello@theneatery.com
thewirelessweb.com,help@athensmicro.com
tmc4u.org,info@tmc4u.com
topmovingandstorageinc.com,info@topmovingandstorageinc.com
torontomovers.com,contact@torontomovers.com
total-movers.com,info@total-movers.com
transusamoving.com,info@transusamoving.com
trianglemovers.com,sales@trianglemovers.com
truckinmovers.com,info@truckinmovers.com
turbomovingservice.com,order@turbomovingservice.com
tvtmovers.com,sales@tvtmovers.com
u-trustmoving.com,info@u-trustmoving.com
utahsmovingandstorage.com,contact@utahsmovingandstorage.com
vanexpressnj.com,info@vanexpressmoving.com
vectormovers.com,info@vectormoversnj.com
veteransmovingamerica.com,booking@vmafamily.com
via-vault.com,info@via-vault.com
walterpianotransport.com,info@walterpianotransport.com
wattsbrothersmoving.com,info@wattsbrothers.com
westpalmbeachmoving.com,info@westpalmbeachmoving.com
westpalmbeachmovingcompany.com,info@bigstarmoving.com
westwoodmovers.org,info@westwoodmovers.org
wilmingtonmovingservice.com,info@wilmingtonmovingservice.com
woodstockpromovers.com,info@nationwidemovingstorage.com
yellowexpress.com,mail@yellowexpress.com.au
