Domain,Personal_Email
4thfloormovers.com,david@byebyebasura.com
a1movingco.ca,movinggenerations@cogeco.ca
aaggomovers.com,gncharette@aaggomovers.com
absolutemoving.net,absolutemoving@comcast.net
actionmovingct.com,richcogill@actionmovingct.com
actransfer.com,actransferdelavan@gmail.com
adlermoving.ca,adlermoving@bellnet.ca
affiliatedmoving.com,tyson@affiliatedmoving.com
affordableangels.com,tom@affordableangels.com
affordablemovingutah.com,hyrum.rosquist@kw.com
albertodiazmoving.com,jd1603@att.com
alexandretransportationsolutions.com,richard@alexandretransportationsolutions.com
allassuredmovingservicesva.com,allassuredmoving@comcast.net
alliedvanlines.ca,intlclaims@sirva.com
alohajoemovers.com,joe@alohajoemovers.com
alphamovingnstorage.com,jeff@alphamovingnstorage.com
alwayshelpfulmovers.com,john@alwayshelpfulmovers.com
amarosrm.com,infoquote@amarosrm.com
anchoragemovingco.com,anchoragemovingco@gmail.com
arrangedbyerin.com,erin@arrangedbyerin.com
artofdelivery.com,vg@artofdelivery.com
asapmovers.com,kasey@asapmovers.com
asupermove.com,jchwe@asupermove.com
atlanticmoversllc.com,am@atlanticmoversllc.com
atx-movers.com,april@atx-movers.com
austinhometransitions.com,liz@austinhometransitions.com
avillagelocksmithrekey.com,village@nukeyco.com
bairdmoving.com,sean@baird-inc.com
baronworldwide.com,international@johnson-united.com
barrbrosmoving.com,barrbrothers@optonline.net
bestusmoving.com,grygoriychuk@bestusmovinginc.com
betterdealmovers.com,betterdealmovers08@gmail.com
bigboysmoving.net,bigboys@pacbell.net
bigguys.biz,benrogers@bigguys.biz
bkmovers.com,bkmove@comcast.net
blue-move.com,philadelphia@blue-move.com
bosenterprisesinc.com,debbie@bosmovers.com
bosleymovers.com,bosleymovers@gmail.com
bouffardtransfer.net,bbouffard@bouffardtransfer.net
boxngo.com,donot-reply@boxngo.com
bpmovers.com,bill@bpmovers.com
bridgeforwardmoving.com,lisa@bridgeforwardmoving.com
callahanbrothers.net,armeno@joycevanlines.com
camelotmovers.com,camelot@camelotmovers.com
cannonmovingclovis.com,sandy@cmsbekins.com
celticmovers.com,celticmoving@att.net
ceratilogistics.com,edgar@ceratilogistics.com
changingplacesmovers.com,changingplaces@cpmoving.com
chegabem.com,mudancas@xmoving.net
circlemoving.com,dpobrasil@sirva.com
collinsbros.com,collins@collinsbros.com
colonialvanlines.com,clientsupport@colonialvanlines.com
columbusprofessionalmover.com,mike@helpinghandsmovingservice.com
corporateofficeinstallations.com,mike@coi-boise.com
countryclubmoving.com,colquettvandyke@gmail.com
cratosmoving.com,info.cratosmoving@gmail.com
crowningtouchusa.com,savanna@crowningtouchusa.com
d2moving.com,jheight@d2moving.com
demenagementgv.ca,germainvilleneuve@videotron.ca
demenagementsaintmarcel.ca,web@anugomedia.ca
demenagementstjoseph.com,demenagementjoseph@gmail.com
dwewingmovers.com,dwewing@dwewingmovers.com
easternvanlines.com,bill@easternvanlines.com
ecmoving.com,teamecms@ecmoving.com
economymoving.com,emailus@economymoving.com
economymoving.net,economy@roadrunner.com
eldermoves.net,maryann@eldermoves.net
ezbins.com,crew@ezbins.com
fabiomoving.com,fabio@fabiomoving.com
fallonmoving.com,ashleyr@fallonmoving.com
first-ratemoving.net,danieltsmith@first-ratemoving.net
foxginn.com,wprest@att.net
fridrichmoving.com,fridrich@weleski.com
gastleysmovers.com,gastleysmoving@earthlink.net
globalvanlines.com,privacy.administrator@sirva.com
goschiele.com,dave@teamschiele.com
gowitherin.com,your-email@gowitherin.com
gracemovers.com,gracemovers@att.net
handsonmovers.com,handsonmovers303@gmail.com
hartmovingandstorage.com,kayla@hartmoving.net
hasslefree-movers.com,mmccamish@avilashfs.com
haul.dev,ops_support@haulco.com
heavyliftmovingcompany.com,hlmovingco@gmail.com
herderbrothers.com,herderbros@ix.netcom.com
highlinedelivery.com,highlinedeliveryandstorage@yahoo.com
intercontinentalgroup.com,ivl@intercontinentalgroup.com
jlmoving.ca,jlmoving@shaw.ca
jordanrivermovers.com,jordanriver@jordanrivermoving.com
kilroymovers.com,kilroybros@comcast.net
kinetixlogistics.com,raj.athyala@kinetixlogistics.in
laddmoving.com,jeladd@laddmoving.com
lafayettemoving.com,rfroehlic@lafayettemoving.com
lakecountrymovingco.com,senecamovers@hotmail.com
lawtonmoving.com,lawtonmoving@cox.net
localmoversoakland.com,eric@localmoversoakland.com
louderbackmoving.com,integritymatters@unigroupinc.com
mccombsmoving.com,johnny@mccombsmoving.com
mckeemoving.com,mckee.moving@sasktel.net
mcnaughtonallied.com,chip@mbi-avl.com
metropolitandurham.ca,metropolitandurham051@gmail.com
miboxnb.com,mibox@johnsonmoving.ca
miboxnwi.com,nwisales@getmibox.com
milehighmoversllc.com,milehighmoversllc@gmail.com
mjwesselsmoving.com,moreinfo@mjwesselsmoving.com
moderna.us,nevena@moderna.us
monarchmovers.com,yourmove@monarchmovers.com
moretzmoving.net,tmmoving@frontiernet.net
movelogistics.net,stephanie@movelogisticstx.com
moverspleasanton.com,mark@movers-ca.com
movewithquality.com,joshua@marylandmoving.com
moving.ca,twosmallmen@moving.ca
moving.furniture,chris@moving.furniture
moving.homes,webteam@astoriacompany.com
movingpackinggroup.com,kilau4d@official.com
movingstarsmotorhomes.com,movingstars1@gmail.com
mpmoinc.com,dvance@mpmoinc.com
mysimplepaths.com,elzabeth@mysimplepaths.com
nationalforwarding.com,ncsclaims@ncsclaims.com
njmovers.com,tracy@njwma.org
northamericanvanlines.ca,dpobrasil@sirva.com
oceanmovingandstorage.com,fiona@oceanmovingandstorage.com
oldfashionmoving.com,jonathan@oldfashionmoving.com
onyourmarkdelivery.ca,onyourmark@telus.net
organizebydesign.info,obdneb@gmail.com
oscarseguramoving.com,oscarseguramoving@gmail.com
oxonhillmover.com,mgomovers@gmail.com
packersmoverssf.com,pmsf@localphd.com
palermomoving.net,joe@palermomoving.com
paramountmoving.ca,nfo@paramountmoving.ca
parkersmoving.ca,aaron@parkersmoving.ca
paylessmovingsj.com,paylessmoving@comcast.net
piano2move.com,piano2move@gmail.com
pianomovervancouver.com,musicbox@shaw.ca
piccolosfriendlymovers.com,jeff@piccolosfriendlymovers.com
piggybackmoving.com,nfo@piggybackmoving.com
preferred-movers.com,pat@preferred-movers.com
premiervanlines.com,neena@premiervanlines.com
prestigemovingandstorage.us,pmsofswfl@aol.com
purelycanadianmovers.com,esales@pcmovers.ca
pyramidmovers.com,ca@cws.la
queencitymoving.com,order78@queencitymoving.com
queencreekmoving.com,josh@myfavoritewebdesigns.com
rckmoving.com,montes1962jose@gmail.com
redball.com,corporate@invan.com
ritewaymoving.com,alvin@ripplesolutions.io
sacramento-movers.com,sacramento@thedashmovers.com
safepackandstore.com,claims@spsmoving.com
sandrmoving.ca,sandrmoving@sasktel.net
schuckmoving.com,schuck@schuckmoving.com
shaddaimoving.com,kevin@shaddaimoving.com
shawmovingandstorage.com,craigshaw99@hotmail.com
shultzhousemoving.com,scott@shultzcompany.com
smoothmovesatl.com,erik@smoothmovesatl.com
softtouchmoving.com,paul@gizoom.com
starsidemovers.com,starsidemovers@outlook.com
stewartmovingandstorage.com,jenz@stewartms.com
summitmoversinc.com,moveup@summitmoversinc.com
sunbeltmoving.com,marty@sunbeltmoving.com
sunshinesandiego.com,carrie@moovhappy.com
systemsofficesolutions.com,jortega@systemsofficesolutions.com
tannervanlines.com,jenz@stewartms.com
teamupmovers.com,social@firstdayinc.com
texasbluelinemoving.com,ray@texasbluelinemoving.com
texasmovingcenter.com,armando.m@texasmovingcenter.com
thebilliardproservice.com,thebilliardpro1994@gmail.com
theelephantmoversllc.com,amid@theelephantmoversllc.com
theequityguard.com,ron@greatestmoves.com
themodernminimalist.biz,devin@themodernminimalist.biz
titanmovingservices.com,titan@titanmovingservices.com
tobinandsons.com,customersupport@tobinandsons.com
tryusmoving.ca,tryusmov@telus.net
turcottemoving.com,steve@turcottemovingstorage.com
twoscotsmoving.com,diane@twoscotsmoving.com
universalmoversllc.com,mymoveinfo@universalmllc.com
universitystorageandmovers.com,universitystorageandmovers@gmail.com
usexpressmoving.com,adwords01@usexpressmoving.net
vipmoversandstorage.com,viprelocation@sbcglobal.net
vipmovingcompany.com,tearl@vipmovingcompany.com
voyagemoving.com,jarodg@voyagemoving.com
wemovestuff.net,glenn@southingtondigital.com
whiteglovedelivery.com,austininfo@cadogantate.com
wkbanjia.com,dahuzi@xintheme.com
wolfemoving.com,chris@wolfemoving.com
wurthorganizing.com,danielle@wurthorganizing.com
yourpersonalmover.net,ypm@yourpersonalmoverinc.com
