domain,source
4-creeks.com,GCs 50+ (06-14)
41northcontractors.com,GCs 50+ (06-14)
a-zcorp.com,GCs 50+ (06-14)
abiinc.com,GCs 50+ (06-14)
abstractconstruction.com,GCs 50+ (06-14)
accgc.com,GCs 50+ (06-14)
accoes.com,GCs 50+ (06-14)
acibuilds.com,GCs 50+ (06-14)
addastar.com,GCs 50+ (06-14)
ahconstructionsd.com,GCs 50+ (06-14)
aimconstruction.com,GCs 50+ (06-14)
ajaxbuilding.com,GCs 50+ (06-14)
akconstruction.com,GCs 50+ (06-14)
alberici.com,GCs 50+ (06-14)
allegrone.com,GCs 50+ (06-14)
allprocompany.net,GCs 50+ (06-14)
allyconstructionservices.com,GCs 50+ (06-14)
alpaconstruction.com,GCs 50+ (06-14)
alstonco.com,GCs 50+ (06-14)
amcbuild.com,GCs 50+ (06-14)
americanconstructors.com,GCs 50+ (06-14)
americanmodular.com,GCs 50+ (06-14)
amkinggroup.com,GCs 50+ (06-14)
anchorcm.net,GCs 50+ (06-14)
anconconstruction.com,GCs 50+ (06-14)
andersen-const.com,GCs 50+ (06-14)
angelescontractor.com,GCs 50+ (06-14)
anglerco.com,GCs 50+ (06-14)
anslowbryant.com,GCs 50+ (06-14)
apconstruction.com,GCs 50+ (06-14)
apxconstructiongroup.com,GCs 50+ (06-14)
arch-con.com,GCs 50+ (06-14)
arcoconstruction.com,GCs 50+ (06-14)
arcodb.com,GCs 50+ (06-14)
arcomurray.com,GCs 50+ (06-14)
arconational.com,GCs 50+ (06-14)
argo-sys.com,GCs 50+ (06-14)
aristeo.com,GCs 50+ (06-14)
arkelconstructors.com,GCs 50+ (06-14)
armays.com,GCs 50+ (06-14)
arningco.com,GCs 50+ (06-14)
asacarlton.com,GCs 50+ (06-14)
auchconstruction.com,GCs 50+ (06-14)
auipartners.com,GCs 50+ (06-14)
auld-white.com,GCs 50+ (06-14)
auroracontractors.com,GCs 50+ (06-14)
austin-ind.com,GCs 50+ (06-14)
auzmet.com,GCs 50+ (06-14)
bancroftconstruction.com,GCs 50+ (06-14)
barrandbarr.com,GCs 50+ (06-14)
barringerconstruction.com,GCs 50+ (06-14)
bartlettcocke.com,GCs 50+ (06-14)
bartonmalow.com,GCs 50+ (06-14)
batson-cook.com,GCs 50+ (06-14)
baxterbuilt.com,GCs 50+ (06-14)
bayley.net,GCs 50+ (06-14)
bblinc.com,GCs 50+ (06-14)
bccgp.com,GCs 50+ (06-14)
bcciconst.com,GCs 50+ (06-14)
bccmconstruction.com,GCs 50+ (06-14)
bdconstruction.com,GCs 50+ (06-14)
beckgroup.com,GCs 50+ (06-14)
beelerconstruction.com,GCs 50+ (06-14)
bekbg.com,GCs 50+ (06-14)
bellisimoinc.com,GCs 50+ (06-14)
benchmark-ny.com,GCs 50+ (06-14)
benchmarkgc.com,GCs 50+ (06-14)
benningcc.com,GCs 50+ (06-14)
berghammer.com,GCs 50+ (06-14)
bernards.com,GCs 50+ (06-14)
bhsconstruction.net,GCs 50+ (06-14)
big-d.com,GCs 50+ (06-14)
bilcocr.com,GCs 50+ (06-14)
blach.com,GCs 50+ (06-14)
blharbert.com,GCs 50+ (06-14)
bloxbuilt.com,GCs 50+ (06-14)
blrck.com,GCs 50+ (06-14)
blue-cord.com,GCs 50+ (06-14)
bluescopeconstruction.com,GCs 50+ (06-14)
bnbuilders.com,GCs 50+ (06-14)
bnkconstruction.com,GCs 50+ (06-14)
bobbitt.com,GCs 50+ (06-14)
bococonst.com,GCs 50+ (06-14)
bognet.com,GCs 50+ (06-14)
boldt.com,GCs 50+ (06-14)
bonacio.com,GCs 50+ (06-14)
bordeauxconstruction.com,GCs 50+ (06-14)
bothman.com,GCs 50+ (06-14)
boydjones.biz,GCs 50+ (06-14)
brasfieldgorrie.com,GCs 50+ (06-14)
bremik.com,GCs 50+ (06-14)
bristol-companies.com,GCs 50+ (06-14)
bristolgrp.com,GCs 50+ (06-14)
broadmoorllc.com,GCs 50+ (06-14)
brown-construction.com,GCs 50+ (06-14)
bryanconstruction.com,GCs 50+ (06-14)
brycon.com,GCs 50+ (06-14)
bsistl.com,GCs 50+ (06-14)
bsmconst.com,GCs 50+ (06-14)
buch.us.com,GCs 50+ (06-14)
buildgc.com,GCs 50+ (06-14)
buildkelly.com,GCs 50+ (06-14)
buildriteconstruction.com,GCs 50+ (06-14)
buildwelliver.com,GCs 50+ (06-14)
buildwithhernandez.com,GCs 50+ (06-14)
buildwithigel.com,GCs 50+ (06-14)
buildwithlingo.com,GCs 50+ (06-14)
buildwithmarker.com,GCs 50+ (06-14)
builtechllc.com,GCs 50+ (06-14)
burkecgi.com,GCs 50+ (06-14)
caddell.com,GCs 50+ (06-14)
cadencemcshane.com,GCs 50+ (06-14)
cahill-sf.com,GCs 50+ (06-14)
caliber1construction.com,GCs 50+ (06-14)
callahan-inc.com,GCs 50+ (06-14)
cambuilds.com,GCs 50+ (06-14)
canyonbd.com,GCs 50+ (06-14)
carrolldaniel.com,GCs 50+ (06-14)
cascocontractors.com,GCs 50+ (06-14)
cccnetwork.com,GCs 50+ (06-14)
cce-inc.com,GCs 50+ (06-14)
cciwi.com,GCs 50+ (06-14)
ccs-construction.com,GCs 50+ (06-14)
cdicon.com,GCs 50+ (06-14)
cdogroup.com,GCs 50+ (06-14)
cdsmith.com,GCs 50+ (06-14)
cefloyd.com,GCs 50+ (06-14)
centrex.cc,GCs 50+ (06-14)
centurycg.com,GCs 50+ (06-14)
centurycontractors.com,GCs 50+ (06-14)
cerris.com,GCs 50+ (06-14)
cgschmidt.com,GCs 50+ (06-14)
chap-con.com,GCs 50+ (06-14)
choateco.com,GCs 50+ (06-14)
christa.com,GCs 50+ (06-14)
christmanco.com,GCs 50+ (06-14)
churchillmcgee.com,GCs 50+ (06-14)
cianbro.com,GCs 50+ (06-14)
clarkcc.com,GCs 50+ (06-14)
clarkcontractors.net,GCs 50+ (06-14)
claycorp.com,GCs 50+ (06-14)
claytonconstruction.net,GCs 50+ (06-14)
clunegc.com,GCs 50+ (06-14)
cmconstructors.com,GCs 50+ (06-14)
cmscorp.com,GCs 50+ (06-14)
cnygroup.com,GCs 50+ (06-14)
coakleywilliams.com,GCs 50+ (06-14)
coastalconstructioncorp.com,GCs 50+ (06-14)
coastalreconstruction.com,GCs 50+ (06-14)
collage-usa.com,GCs 50+ (06-14)
columbiacc.com,GCs 50+ (06-14)
compu-dynamics.com,GCs 50+ (06-14)
concoconstruction.com,GCs 50+ (06-14)
concordinc.com,GCs 50+ (06-14)
conlancompany.com,GCs 50+ (06-14)
consigli.com,GCs 50+ (06-14)
consolidated-const.com,GCs 50+ (06-14)
constructionengineers.com,GCs 50+ (06-14)
constructionone.com,GCs 50+ (06-14)
constructoragcg.com,GCs 50+ (06-14)
contifederal.com,GCs 50+ (06-14)
continentalcontractors.com,GCs 50+ (06-14)
cooperconstruction.com,GCs 50+ (06-14)
coopertacia.com,GCs 50+ (06-14)
core-states.com,GCs 50+ (06-14)
cornerstoneak.com,GCs 50+ (06-14)
cornerstonegci.com,GCs 50+ (06-14)
corstonellc.com,GCs 50+ (06-14)
cpmconstruction.com,GCs 50+ (06-14)
cppi.com,GCs 50+ (06-14)
crainconstructioninc.com,GCs 50+ (06-14)
crcrawford.com,GCs 50+ (06-14)
creaturebuilds.com,GCs 50+ (06-14)
crossland.com,GCs 50+ (06-14)
csconstruction.com,GCs 50+ (06-14)
csigc.com,GCs 50+ (06-14)
csmgroup.com,GCs 50+ (06-14)
cumby.com,GCs 50+ (06-14)
cunninghamlimp.com,GCs 50+ (06-14)
cwdriver.com,GCs 50+ (06-14)
cymabuilders.com,GCs 50+ (06-14)
cziglobal.com,GCs 50+ (06-14)
dacon1.com,GCs 50+ (06-14)
dahlgrenindustrial.com,GCs 50+ (06-14)
danielsco.com,GCs 50+ (06-14)
davieconstruction.com,GCs 50+ (06-14)
davisconstruction.com,GCs 50+ (06-14)
dbconstructiongrp.com,GCs 50+ (06-14)
dbkenyon.com,GCs 50+ (06-14)
dbsg.com,GCs 50+ (06-14)
dcconstructioninc.com,GCs 50+ (06-14)
deacon.com,GCs 50+ (06-14)
deangelisdiamond.com,GCs 50+ (06-14)
debconstruction.com,GCs 50+ (06-14)
delamoconstruction.com,GCs 50+ (06-14)
delphiconstruction.com,GCs 50+ (06-14)
demariabuild.com,GCs 50+ (06-14)
dempseyconstruction.com,GCs 50+ (06-14)
denhamblythe.com,GCs 50+ (06-14)
denkandroche.com,GCs 50+ (06-14)
desbuild.com,GCs 50+ (06-14)
dewconstruction.com,GCs 50+ (06-14)
dewitt-associates.com,GCs 50+ (06-14)
dgabuilders.com,GCs 50+ (06-14)
diedeconstruction.com,GCs 50+ (06-14)
disabatino.com,GCs 50+ (06-14)
djconstruction.com,GCs 50+ (06-14)
dlpconstruction.com,GCs 50+ (06-14)
dmcgroupusa.com,GCs 50+ (06-14)
dohnconstruction.com,GCs 50+ (06-14)
domebuilds.com,GCs 50+ (06-14)
donahuefavret.com,GCs 50+ (06-14)
donnellyconstruction.com,GCs 50+ (06-14)
dorancompanies.com,GCs 50+ (06-14)
doyleconco.com,GCs 50+ (06-14)
dpr.com,GCs 50+ (06-14)
drurydevelopment.com,GCs 50+ (06-14)
dugan-meyers.com,GCs 50+ (06-14)
dunnbuildingcompany.com,GCs 50+ (06-14)
durotechgc.com,GCs 50+ (06-14)
dwcbuilds.com,GCs 50+ (06-14)
dwilsonconstruction.com,GCs 50+ (06-14)
dynamic-contracting.com,GCs 50+ (06-14)
e-corp4u.com,GCs 50+ (06-14)
eandlgroup.com,GCs 50+ (06-14)
eastandwestbrook.com,GCs 50+ (06-14)
ebcogc.com,GCs 50+ (06-14)
ecc.net,GCs 50+ (06-14)
ecibuild.com,GCs 50+ (06-14)
edificeinc.com,GCs 50+ (06-14)
ediscompany.com,GCs 50+ (06-14)
eereed.com,GCs 50+ (06-14)
egallant.com,GCs 50+ (06-14)
egcconst.com,GCs 50+ (06-14)
ehconst.com,GCs 50+ (06-14)
elderconstructioninc.com,GCs 50+ (06-14)
elford.com,GCs 50+ (06-14)
embreegroup.com,GCs 50+ (06-14)
emeraldconstruction.com,GCs 50+ (06-14)
empireworks.com,GCs 50+ (06-14)
emr-inc.com,GCs 50+ (06-14)
energysystemsgroup.com,GCs 50+ (06-14)
engelberth.com,GCs 50+ (06-14)
engelkecs.com,GCs 50+ (06-14)
erhardtcc.com,GCs 50+ (06-14)
erland.com,GCs 50+ (06-14)
etcusa.net,GCs 50+ (06-14)
ev.construction,GCs 50+ (06-14)
evansgeneralcontractors.com,GCs 50+ (06-14)
ewbinc.com,GCs 50+ (06-14)
ewhowell.com,GCs 50+ (06-14)
excelcg.com,GCs 50+ (06-14)
excelconstructors.com,GCs 50+ (06-14)
exxcel.com,GCs 50+ (06-14)
exxelpacific.com,GCs 50+ (06-14)
falconconstruction.net,GCs 50+ (06-14)
falewitch.com,GCs 50+ (06-14)
fapeinado.com,GCs 50+ (06-14)
fbiconstruction.com,GCs 50+ (06-14)
fclbuilders.com,GCs 50+ (06-14)
ferguson-construction.com,GCs 50+ (06-14)
fhpaschen.com,GCs 50+ (06-14)
finfrock.com,GCs 50+ (06-14)
fipconstruction.com,GCs 50+ (06-14)
firstfinish.net,GCs 50+ (06-14)
fitebuilding.com,GCs 50+ (06-14)
flblum.com,GCs 50+ (06-14)
flemingconstructiongroup.com,GCs 50+ (06-14)
flintco.com,GCs 50+ (06-14)
floridalemark.com,GCs 50+ (06-14)
flynnconstruction.com,GCs 50+ (06-14)
fmgi-inc.com,GCs 50+ (06-14)
forceco.com,GCs 50+ (06-14)
forcumlannom.com,GCs 50+ (06-14)
foresightcgi.com,GCs 50+ (06-14)
formacc.com,GCs 50+ (06-14)
forneyconstruction.com,GCs 50+ (06-14)
forresterconstruction.com,GCs 50+ (06-14)
fortisconstruction.com,GCs 50+ (06-14)
fourthelm.com,GCs 50+ (06-14)
foushee.com,GCs 50+ (06-14)
fowlergc.com,GCs 50+ (06-14)
framaco.com,GCs 50+ (06-14)
fransenpittman.com,GCs 50+ (06-14)
gallin.com,GCs 50+ (06-14)
gandgenterprises.com,GCs 50+ (06-14)
garco.com,GCs 50+ (06-14)
gardner-builders.com,GCs 50+ (06-14)
gcigc.com,GCs 50+ (06-14)
gcs-sigal.com,GCs 50+ (06-14)
ggreene.com,GCs 50+ (06-14)
ghphipps.com,GCs 50+ (06-14)
gilbaneco.com,GCs 50+ (06-14)
gilmorecc.com,GCs 50+ (06-14)
ginnoconstruction.com,GCs 50+ (06-14)
gleesonllc.com,GCs 50+ (06-14)
gly.com,GCs 50+ (06-14)
gmaconstructiongroup.com,GCs 50+ (06-14)
gordonhighlander.com,GCs 50+ (06-14)
gosolidus.com,GCs 50+ (06-14)
graecon.com,GCs 50+ (06-14)
grangerconstruction.com,GCs 50+ (06-14)
gray.com,GCs 50+ (06-14)
graycor.com,GCs 50+ (06-14)
greenleafcm.com,GCs 50+ (06-14)
greinerconstruction.com,GCs 50+ (06-14)
griffcodesignbuild.com,GCs 50+ (06-14)
grindertaber.com,GCs 50+ (06-14)
grunley.com,GCs 50+ (06-14)
guardianconst.com,GCs 50+ (06-14)
guzmangc.com,GCs 50+ (06-14)
hamelbuilders.com,GCs 50+ (06-14)
hammondconstruction.com,GCs 50+ (06-14)
hansen-rice.com,GCs 50+ (06-14)
harbour-cm.com,GCs 50+ (06-14)
harkinsbuilders.com,GCs 50+ (06-14)
harmanconstruction.com,GCs 50+ (06-14)
harperconstruction.com,GCs 50+ (06-14)
harpergc.com,GCs 50+ (06-14)
harveycleary.com,GCs 50+ (06-14)
harveyconstruction.com,GCs 50+ (06-14)
haselden.com,GCs 50+ (06-14)
haskell.com,GCs 50+ (06-14)
hbwconstruction.com,GCs 50+ (06-14)
hcco-inc.com,GCs 50+ (06-14)
headwaterscc.com,GCs 50+ (06-14)
heartlandconstructionva.com,GCs 50+ (06-14)
helmgroup.com,GCs 50+ (06-14)
hendersonbuilding.com,GCs 50+ (06-14)
hendersoninc.com,GCs 50+ (06-14)
henningcompanies.com,GCs 50+ (06-14)
henrycarlson.com,GCs 50+ (06-14)
henselphelps.com,GCs 50+ (06-14)
hernandezconsulting.com,GCs 50+ (06-14)
hessconstruction.com,GCs 50+ (06-14)
hgcconstruction.com,GCs 50+ (06-14)
hgrconstruction.com,GCs 50+ (06-14)
hhicorp.com,GCs 50+ (06-14)
hickoryconstruction.com,GCs 50+ (06-14)
highconstruction.com,GCs 50+ (06-14)
hilbersinc.com,GCs 50+ (06-14)
hirschcorp.com,GCs 50+ (06-14)
hitt.com,GCs 50+ (06-14)
hjrussell.com,GCs 50+ (06-14)
hmcompany.com,GCs 50+ (06-14)
hoar.com,GCs 50+ (06-14)
hodgesandhicks.com,GCs 50+ (06-14)
hoffmancorp.com,GCs 50+ (06-14)
hoganconstruction.com,GCs 50+ (06-14)
hoganconstructiongroup.com,GCs 50+ (06-14)
holderconstruction.com,GCs 50+ (06-14)
hollandcs.com,GCs 50+ (06-14)
holtcc.com,GCs 50+ (06-14)
hoodconstruction.com,GCs 50+ (06-14)
horizonc.com,GCs 50+ (06-14)
horstconstruction.com,GCs 50+ (06-14)
hotelrehabs.com,GCs 50+ (06-14)
hourigan.group,GCs 50+ (06-14)
howardbuilding.com,GCs 50+ (06-14)
hpmcontracting.com,GCs 50+ (06-14)
hrcg.com,GCs 50+ (06-14)
hrconstruction.com,GCs 50+ (06-14)
hscbuilders.com,GCs 50+ (06-14)
hsubuilders.com,GCs 50+ (06-14)
hudsonmeridian.com,GCs 50+ (06-14)
hughesgc.com,GCs 50+ (06-14)
hunzinger.com,GCs 50+ (06-14)
huttonbuilds.com,GCs 50+ (06-14)
hwgc.com,GCs 50+ (06-14)
iandeconstruction.com,GCs 50+ (06-14)
icibuilds.com,GCs 50+ (06-14)
icon-west.com,GCs 50+ (06-14)
iconicacreates.com,GCs 50+ (06-14)
icsgf.com,GCs 50+ (06-14)
idealbuilders.com,GCs 50+ (06-14)
idealcontracting.com,GCs 50+ (06-14)
ihcconstruction.com,GCs 50+ (06-14)
imcconstruction.com,GCs 50+ (06-14)
ind-con.com,GCs 50+ (06-14)
inline-cc.com,GCs 50+ (06-14)
intechconstruction.com,GCs 50+ (06-14)
integratedbuilders.com,GCs 50+ (06-14)
interservlp.com,GCs 50+ (06-14)
ipi.build,GCs 50+ (06-14)
ipscontractor.com,GCs 50+ (06-14)
jacksonconstruction.com,GCs 50+ (06-14)
jacobsenconstruction.com,GCs 50+ (06-14)
jamailsmith.com,GCs 50+ (06-14)
jamersonlewis.com,GCs 50+ (06-14)
janscorp.com,GCs 50+ (06-14)
jbhenderson.com,GCs 50+ (06-14)
jbpac.com,GCs 50+ (06-14)
jbsteelconstruction.com,GCs 50+ (06-14)
jcp-construction.com,GCs 50+ (06-14)
jcqservices.com,GCs 50+ (06-14)
jdconstinc.com,GCs 50+ (06-14)
jedunn.com,GCs 50+ (06-14)
jefgc.com,GCs 50+ (06-14)
jettoncon.com,GCs 50+ (06-14)
jewettconstruction.com,GCs 50+ (06-14)
jfconstruction.com,GCs 50+ (06-14)
jhkelly.com,GCs 50+ (06-14)
jingoli.com,GCs 50+ (06-14)
jjcontractor.com,GCs 50+ (06-14)
jjoconstruction.com,GCs 50+ (06-14)
jljassociates.com,GCs 50+ (06-14)
jm-a.com,GCs 50+ (06-14)
jmcope.com,GCs 50+ (06-14)
jmwcontractors.com,GCs 50+ (06-14)
joeris.com,GCs 50+ (06-14)
johnson-laux.com,GCs 50+ (06-14)
jordanfosterconstruction.com,GCs 50+ (06-14)
jordyconstruction.com,GCs 50+ (06-14)
journeyconstruction.com,GCs 50+ (06-14)
jpcullen.com,GCs 50+ (06-14)
jray.com,GCs 50+ (06-14)
jtmagen.com,GCs 50+ (06-14)
jwrconstruction.com,GCs 50+ (06-14)
k2gc.com,GCs 50+ (06-14)
kadean.com,GCs 50+ (06-14)
kascoinc.com,GCs 50+ (06-14)
kastbuild.com,GCs 50+ (06-14)
kaufmanlynn.com,GCs 50+ (06-14)
kbd.group,GCs 50+ (06-14)
kbebuilding.com,GCs 50+ (06-14)
kciconstruction.com,GCs 50+ (06-14)
kdw.com,GCs 50+ (06-14)
kellerbrothers.com,GCs 50+ (06-14)
kellerbuilds.com,GCs 50+ (06-14)
kelleyconstruction.com,GCs 50+ (06-14)
kempbros.com,GCs 50+ (06-14)
keyconstruction.com,GCs 50+ (06-14)
kier.org,GCs 50+ (06-14)
killco.com,GCs 50+ (06-14)
kincoconstructors.com,GCs 50+ (06-14)
kjellstromandlee.com,GCs 50+ (06-14)
knutsonconstruction.com,GCs 50+ (06-14)
korsmo.com,GCs 50+ (06-14)
korteco.com,GCs 50+ (06-14)
kphconstruction.com,GCs 50+ (06-14)
kroeschell.com,GCs 50+ (06-14)
lakeheadconstructors.com,GCs 50+ (06-14)
lakewoodinc.com,GCs 50+ (06-14)
lamacchiagroup.com,GCs 50+ (06-14)
landau-bldg.com,GCs 50+ (06-14)
laytonconstruction.com,GCs 50+ (06-14)
lcfresno.com,GCs 50+ (06-14)
lcslab.com,GCs 50+ (06-14)
leapleyconstruction.com,GCs 50+ (06-14)
lechase.com,GCs 50+ (06-14)
leelewis.com,GCs 50+ (06-14)
legacybuildingsolutions.com,GCs 50+ (06-14)
legocc.com,GCs 50+ (06-14)
leopardo.com,GCs 50+ (06-14)
level10gc.com,GCs 50+ (06-14)
levinebuilders.com,GCs 50+ (06-14)
lewis-contractors.com,GCs 50+ (06-14)
lewisbuilds.com,GCs 50+ (06-14)
lexicon-inc.com,GCs 50+ (06-14)
linbeck.com,GCs 50+ (06-14)
lincolnbuilders.com,GCs 50+ (06-14)
lincolnconstruction.com,GCs 50+ (06-14)
linkconstructiongroup.net,GCs 50+ (06-14)
liveoakcontracting.com,GCs 50+ (06-14)
ljvdevelopment.com,GCs 50+ (06-14)
lobar.com,GCs 50+ (06-14)
lobarassoc.com,GCs 50+ (06-14)
lovencontracting.com,GCs 50+ (06-14)
lsblack.com,GCs 50+ (06-14)
lueder.com,GCs 50+ (06-14)
lusardi.com,GCs 50+ (06-14)
maiconst.com,GCs 50+ (06-14)
mappbuilt.com,GCs 50+ (06-14)
marandbuilders.com,GCs 50+ (06-14)
marchassociates.com,GCs 50+ (06-14)
marcobay.com,GCs 50+ (06-14)
marcocontractors.com,GCs 50+ (06-14)
marcusconstruction.com,GCs 50+ (06-14)
marksmengc.com,GCs 50+ (06-14)
marousbrothers.com,GCs 50+ (06-14)
mascaroconstruction.com,GCs 50+ (06-14)
massarocg.com,GCs 50+ (06-14)
mattconstruction.com,GCs 50+ (06-14)
maxconstructioninc.com,GCs 50+ (06-14)
maxwellbuilds.com,GCs 50+ (06-14)
mba-nrg.com,GCs 50+ (06-14)
mbkahn.com,GCs 50+ (06-14)
mccarthy.com,GCs 50+ (06-14)
mccowngordon.com,GCs 50+ (06-14)
mccrossin.com,GCs 50+ (06-14)
mcdonnel.com,GCs 50+ (06-14)
mcgough.com,GCs 50+ (06-14)
mclconstruction.com,GCs 50+ (06-14)
mcshaneconstruction.com,GCs 50+ (06-14)
mec-gc.com,GCs 50+ (06-14)
megenconstruction.com,GCs 50+ (06-14)
meja.us,GCs 50+ (06-14)
meltechcorp.com,GCs 50+ (06-14)
menemshasolutions.com,GCs 50+ (06-14)
messer.com,GCs 50+ (06-14)
metconus.com,GCs 50+ (06-14)
metro-gc.com,GCs 50+ (06-14)
meyer-najem.com,GCs 50+ (06-14)
milesconst.com,GCs 50+ (06-14)
miller-davis.com,GCs 50+ (06-14)
mirandaconstruction.com,GCs 50+ (06-14)
miron-construction.com,GCs 50+ (06-14)
mmbuildings.com,GCs 50+ (06-14)
modlogiq.com,GCs 50+ (06-14)
monteithco.com,GCs 50+ (06-14)
montgomerymartin.com,GCs 50+ (06-14)
morganharbour.com,GCs 50+ (06-14)
morgankeller.com,GCs 50+ (06-14)
morganti.com,GCs 50+ (06-14)
morleybuilders.com,GCs 50+ (06-14)
mortenson.com,GCs 50+ (06-14)
mosserconstruction.com,GCs 50+ (06-14)
msigeneral.com,GCs 50+ (06-14)
muckleroyfalls.com,GCs 50+ (06-14)
mvl-group.com,GCs 50+ (06-14)
nascousa.com,GCs 50+ (06-14)
nav-int.com,GCs 50+ (06-14)
navillusinc.com,GCs 50+ (06-14)
neconstruction.com,GCs 50+ (06-14)
neigc.com,GCs 50+ (06-14)
neumannbros.com,GCs 50+ (06-14)
newfieldconstruction.com,GCs 50+ (06-14)
newground.com,GCs 50+ (06-14)
ngcgroupinc.com,GCs 50+ (06-14)
nhcsllc.net,GCs 50+ (06-14)
nibbi.com,GCs 50+ (06-14)
nicholscontracting.com,GCs 50+ (06-14)
nmboc.com,GCs 50+ (06-14)
norconinc.com,GCs 50+ (06-14)
northbranch.net,GCs 50+ (06-14)
northernbuilders.com,GCs 50+ (06-14)
northwestcontracting.com,GCs 50+ (06-14)
norwoodco.com,GCs 50+ (06-14)
novakconstruction.com,GCs 50+ (06-14)
novoconstruction.com,GCs 50+ (06-14)
nstoreservices.com,GCs 50+ (06-14)
nunnconstruction.com,GCs 50+ (06-14)
nv2agroup.com,GCs 50+ (06-14)
obriencc.com,GCs 50+ (06-14)
ogind.com,GCs 50+ (06-14)
oltmans.com,GCs 50+ (06-14)
omegaconstruction.com,GCs 50+ (06-14)
omnibuild.com,GCs 50+ (06-14)
omraninc.com,GCs 50+ (06-14)
oneworkplace.com,GCs 50+ (06-14)
ortegacc.com,GCs 50+ (06-14)
pacificbuildinggroup.com,GCs 50+ (06-14)
pankow.com,GCs 50+ (06-14)
panzica.com,GCs 50+ (06-14)
paric.com,GCs 50+ (06-14)
parkeastconstruction.com,GCs 50+ (06-14)
parkwestgc.com,GCs 50+ (06-14)
pathcc.com,GCs 50+ (06-14)
paulhemmer.com,GCs 50+ (06-14)
pc-const.com,GCs 50+ (06-14)
pcconstruction.com,GCs 50+ (06-14)
pdbgroup.com,GCs 50+ (06-14)
pdsec.com,GCs 50+ (06-14)
peacockconstruction.com,GCs 50+ (06-14)
peakconstruction.com,GCs 50+ (06-14)
pellicanoconstruction.com,GCs 50+ (06-14)
penntexconstruction.com,GCs 50+ (06-14)
pentabldggroup.com,GCs 50+ (06-14)
pepperconstruction.com,GCs 50+ (06-14)
performanceconstruction.net,GCs 50+ (06-14)
performanceservices.com,GCs 50+ (06-14)
perlo.biz,GCs 50+ (06-14)
peters.build,GCs 50+ (06-14)
petersonconstructionco.com,GCs 50+ (06-14)
petraconstruction.com,GCs 50+ (06-14)
petrainc.net,GCs 50+ (06-14)
phillipsmay.com,GCs 50+ (06-14)
phoenixbuilders.com,GCs 50+ (06-14)
pidc-construction.com,GCs 50+ (06-14)
piedmontconstructiongroup.com,GCs 50+ (06-14)
pikecs.com,GCs 50+ (06-14)
pinnerconstruction.com,GCs 50+ (06-14)
pioneerinc.com,GCs 50+ (06-14)
pizzanocontractors.com,GCs 50+ (06-14)
pjdick.com,GCs 50+ (06-14)
placeservicesinc.com,GCs 50+ (06-14)
planitconstruction.com,GCs 50+ (06-14)
plantconstruction.com,GCs 50+ (06-14)
plazaconstruction.com,GCs 50+ (06-14)
pmconstructionservices.com,GCs 50+ (06-14)
png.builders,GCs 50+ (06-14)
powerconstruction.net,GCs 50+ (06-14)
powerdesigninc.us,GCs 50+ (06-14)
prconstruction.net,GCs 50+ (06-14)
precision-contractors.com,GCs 50+ (06-14)
precision-services.com,GCs 50+ (06-14)
proconinc.com,GCs 50+ (06-14)
projectbuilders.com,GCs 50+ (06-14)
psconstruction.net,GCs 50+ (06-14)
purcellconstruction.com,GCs 50+ (06-14)
pwcampbell.com,GCs 50+ (06-14)
quandel.com,GCs 50+ (06-14)
quiring.com,GCs 50+ (06-14)
r-o.com,GCs 50+ (06-14)
rabren.com,GCs 50+ (06-14)
rafn.com,GCs 50+ (06-14)
ralinconstruction.com,GCs 50+ (06-14)
randoco.com,GCs 50+ (06-14)
rbkennedy.com,GCs 50+ (06-14)
rcandersen.com,GCs 50+ (06-14)
rccllc.com,GCs 50+ (06-14)
rcconstruction.com,GCs 50+ (06-14)
rcmathews.com,GCs 50+ (06-14)
rcstevens.com,GCs 50+ (06-14)
rdolson.com,GCs 50+ (06-14)
rearchconstruction.com,GCs 50+ (06-14)
redcomllc.com,GCs 50+ (06-14)
reedergeneral.com,GCs 50+ (06-14)
reeve-knight.com,GCs 50+ (06-14)
reevesyoung.com,GCs 50+ (06-14)
regencycsi.com,GCs 50+ (06-14)
renier.com,GCs 50+ (06-14)
renuny.com,GCs 50+ (06-14)
rhconst.com,GCs 50+ (06-14)
rhinoconstruction.com,GCs 50+ (06-14)
rhwhite.com,GCs 50+ (06-14)
ricecompanies.com,GCs 50+ (06-14)
ridgemont.com,GCs 50+ (06-14)
rileycon.com,GCs 50+ (06-14)
rjbpro.com,GCs 50+ (06-14)
rjmconstruction.com,GCs 50+ (06-14)
rlgbuilds.com,GCs 50+ (06-14)
robcon.com,GCs 50+ (06-14)
rocheconstructors.com,GCs 50+ (06-14)
rodanbuilders.com,GCs 50+ (06-14)
rodgersbuilders.com,GCs 50+ (06-14)
rodriguez-cg.com,GCs 50+ (06-14)
rqconstruction.com,GCs 50+ (06-14)
rs1967.com,GCs 50+ (06-14)
rsmowery.com,GCs 50+ (06-14)
rsvc.com,GCs 50+ (06-14)
ruscilli.com,GCs 50+ (06-14)
russellco.com,GCs 50+ (06-14)
ryancompanies.com,GCs 50+ (06-14)
ryconinc.com,GCs 50+ (06-14)
sachseconstruction.com,GCs 50+ (06-14)
salfacorp.com,GCs 50+ (06-14)
sametcorp.com,GCs 50+ (06-14)
sampson-construction.com,GCs 50+ (06-14)
samuelsgroup.net,GCs 50+ (06-14)
satpon.com,GCs 50+ (06-14)
saundersinc.com,GCs 50+ (06-14)
sbballard.com,GCs 50+ (06-14)
sbjames.com,GCs 50+ (06-14)
scenicridge.com,GCs 50+ (06-14)
schererconstruction.com,GCs 50+ (06-14)
scherrerconstruction.com,GCs 50+ (06-14)
schimenti.com,GCs 50+ (06-14)
schuchart.com,GCs 50+ (06-14)
scitx.com,GCs 50+ (06-14)
scorpioco.com,GCs 50+ (06-14)
scottandreid.com,GCs 50+ (06-14)
scottlong.com,GCs 50+ (06-14)
scullconstruction.com,GCs 50+ (06-14)
sdb.com,GCs 50+ (06-14)
seadar.com,GCs 50+ (06-14)
sedalco.com,GCs 50+ (06-14)
sentryusa.com,GCs 50+ (06-14)
septagon.com,GCs 50+ (06-14)
setterlin.com,GCs 50+ (06-14)
sgcontractinginc.com,GCs 50+ (06-14)
shames.com,GCs 50+ (06-14)
shawconstruct.com,GCs 50+ (06-14)
shawconstruction.net,GCs 50+ (06-14)
shawlundquist.com,GCs 50+ (06-14)
shelcollc.com,GCs 50+ (06-14)
sheridanconstruction.com,GCs 50+ (06-14)
shielsexton.com,GCs 50+ (06-14)
shockeybuilds.com,GCs 50+ (06-14)
signature-renovations.com,GCs 50+ (06-14)
simpsonconst.com,GCs 50+ (06-14)
singletonconstruction.net,GCs 50+ (06-14)
sirq.com,GCs 50+ (06-14)
sitelogiq.com,GCs 50+ (06-14)
skservicesllc.com,GCs 50+ (06-14)
skybluebuilders.com,GCs 50+ (06-14)
skylineconstruction.build,GCs 50+ (06-14)
slsco.com,GCs 50+ (06-14)
smootconstruction.com,GCs 50+ (06-14)
smwilson.com,GCs 50+ (06-14)
sordoni.com,GCs 50+ (06-14)
southwaybuilders.com,GCs 50+ (06-14)
spdconstruction.com,GCs 50+ (06-14)
spectracompany.com,GCs 50+ (06-14)
spencebrothers.com,GCs 50+ (06-14)
srbuilt-usa.com,GCs 50+ (06-14)
stahlconstruction.com,GCs 50+ (06-14)
standardbuilders.com,GCs 50+ (06-14)
staplesconstruction.com,GCs 50+ (06-14)
stategroup.com,GCs 50+ (06-14)
steedconstruction.com,GCs 50+ (06-14)
stewartperry.com,GCs 50+ (06-14)
stobuildinggroup.com,GCs 50+ (06-14)
storycon.com,GCs 50+ (06-14)
stoutllc.com,GCs 50+ (06-14)
straubconstruction.com,GCs 50+ (06-14)
streamlineconstruction.net,GCs 50+ (06-14)
structsureprojects.com,GCs 50+ (06-14)
structurainc.com,GCs 50+ (06-14)
suffolk.com,GCs 50+ (06-14)
summitdb.com,GCs 50+ (06-14)
summitepc.com,GCs 50+ (06-14)
sumprop.com,GCs 50+ (06-14)
sundt.com,GCs 50+ (06-14)
swankenterprises.com,GCs 50+ (06-14)
t5datacenters.com,GCs 50+ (06-14)
taloving.com,GCs 50+ (06-14)
tandemconstruction.com,GCs 50+ (06-14)
targetbuilding.com,GCs 50+ (06-14)
tarltoncorp.com,GCs 50+ (06-14)
tbcci.com,GCs 50+ (06-14)
tbcorp.com,GCs 50+ (06-14)
tclv.net,GCs 50+ (06-14)
tdfarrell.com,GCs 50+ (06-14)
tealcon.com,GCs 50+ (06-14)
teamconstruction.com,GCs 50+ (06-14)
teinert.com,GCs 50+ (06-14)
terragc.com,GCs 50+ (06-14)
terryadamsinc.com,GCs 50+ (06-14)
thearcoway.com,GCs 50+ (06-14)
theaustin.com,GCs 50+ (06-14)
thebannettgroup.com,GCs 50+ (06-14)
thebeamteam.com,GCs 50+ (06-14)
thehagermangroup.com,GCs 50+ (06-14)
thekelly-group.com,GCs 50+ (06-14)
themcpgroup.com,GCs 50+ (06-14)
thepetersonco.com,GCs 50+ (06-14)
thompsonconstructiongroup.com,GCs 50+ (06-14)
ticold.com,GCs 50+ (06-14)
tilden-coil.com,GCs 50+ (06-14)
tiltonpacific.com,GCs 50+ (06-14)
timberlineconstruction.com,GCs 50+ (06-14)
tmgworld.net,GCs 50+ (06-14)
tocci.com,GCs 50+ (06-14)
tomstuart.com,GCs 50+ (06-14)
tonnandblank.com,GCs 50+ (06-14)
torcon.com,GCs 50+ (06-14)
trevinogroup.com,GCs 50+ (06-14)
triangle-inc.com,GCs 50+ (06-14)
tricocompanies.com,GCs 50+ (06-14)
tridentconstruction.com,GCs 50+ (06-14)
trinitygc.us,GCs 50+ (06-14)
triplehinc.com,GCs 50+ (06-14)
triumphmodular.com,GCs 50+ (06-14)
trivc.com,GCs 50+ (06-14)
trueupcompanies.com,GCs 50+ (06-14)
tsbyrne.com,GCs 50+ (06-14)
turnerconstruction.com,GCs 50+ (06-14)
twc-stl.com,GCs 50+ (06-14)
twcinc.com,GCs 50+ (06-14)
twfrierson.com,GCs 50+ (06-14)
twostate.com,GCs 50+ (06-14)
ujamaaconstruction.com,GCs 50+ (06-14)
ungerconstruction.com,GCs 50+ (06-14)
vancebrown.com,GCs 50+ (06-14)
vanir.com,GCs 50+ (06-14)
vbc.co,GCs 50+ (06-14)
vccusa.com,GCs 50+ (06-14)
ventureseattle.com,GCs 50+ (06-14)
vericon.com,GCs 50+ (06-14)
vincorinc.com,GCs 50+ (06-14)
vipstructures.com,GCs 50+ (06-14)
visioneeringstudios.com,GCs 50+ (06-14)
vjscs.com,GCs 50+ (06-14)
vogelbldg.com,GCs 50+ (06-14)
wadman.com,GCs 50+ (06-14)
walbridge.com,GCs 50+ (06-14)
walkerconstructioninc.com,GCs 50+ (06-14)
wallacesmith.com,GCs 50+ (06-14)
walshgroup.com,GCs 50+ (06-14)
wanerconstruction.com,GCs 50+ (06-14)
wardconst.com,GCs 50+ (06-14)
warfelcc.com,GCs 50+ (06-14)
warner-construction.com,GCs 50+ (06-14)
warwickconstruction.com,GCs 50+ (06-14)
waynebrothers.com,GCs 50+ (06-14)
wcsconstruction.com,GCs 50+ (06-14)
wdsconstruction.net,GCs 50+ (06-14)
webcor.com,GCs 50+ (06-14)
weddlebros.com,GCs 50+ (06-14)
weigandconstruction.com,GCs 50+ (06-14)
weitz.com,GCs 50+ (06-14)
welbro.com,GCs 50+ (06-14)
wellsconstruction.com,GCs 50+ (06-14)
wencoconstruction.com,GCs 50+ (06-14)
weoneil.com,GCs 50+ (06-14)
wesbuilt.com,GCs 50+ (06-14)
wespacaz.com,GCs 50+ (06-14)
westbuilders.net,GCs 50+ (06-14)
westwoodcontractors.com,GCs 50+ (06-14)
whartonsmith.com,GCs 50+ (06-14)
white-spunner.com,GCs 50+ (06-14)
whitecon.com,GCs 50+ (06-14)
whiteconst.com,GCs 50+ (06-14)
whiting-turner.com,GCs 50+ (06-14)
wielandbuilds.com,GCs 50+ (06-14)
williamsconstruction.com,GCs 50+ (06-14)
willmeng.com,GCs 50+ (06-14)
wimcocorp.com,GCs 50+ (06-14)
windover.com,GCs 50+ (06-14)
winmarconstruction.com,GCs 50+ (06-14)
winter-construction.com,GCs 50+ (06-14)
wiseconstruction.com,GCs 50+ (06-14)
wjconstruction.com,GCs 50+ (06-14)
wlbutler.com,GCs 50+ (06-14)
wmjordan.com,GCs 50+ (06-14)
wohlsenconstruction.com,GCs 50+ (06-14)
wolvgroup.com,GCs 50+ (06-14)
woodwarddesignbuild.com,GCs 50+ (06-14)
workwithfocus.com,GCs 50+ (06-14)
wpc.com,GCs 50+ (06-14)
wrbco.com,GCs 50+ (06-14)
wrightconstruct.com,GCs 50+ (06-14)
wsbellows.com,GCs 50+ (06-14)
wurzelbuilders.com,GCs 50+ (06-14)
xlconstruction.com,GCs 50+ (06-14)
yoeconstruction.com,GCs 50+ (06-14)
yonkersinc.com,GCs 50+ (06-14)
zwickconstruction.com,GCs 50+ (06-14)
12gcc.com,GCs US/CA net-new (06-30)
14northconstruction.ca,GCs US/CA net-new (06-30)
1fcs.com,GCs US/CA net-new (06-30)
1lemoine.com,GCs US/CA net-new (06-30)
3dcontracting.net,GCs US/CA net-new (06-30)
5pco.com,GCs US/CA net-new (06-30)
a-p.com,GCs US/CA net-new (06-30)
a1construction.com,GCs US/CA net-new (06-30)
aacongc.com,GCs US/CA net-new (06-30)
abccci.com,GCs US/CA net-new (06-30)
abelconstruct.com,GCs US/CA net-new (06-30)
abgbuilds.com,GCs US/CA net-new (06-30)
absbuildingintegrators.com,GCs US/CA net-new (06-30)
ac-owen.com,GCs US/CA net-new (06-30)
acceldevgroup.com,GCs US/CA net-new (06-30)
acceleratedconstructionservices.com,GCs US/CA net-new (06-30)
acgna.com,GCs US/CA net-new (06-30)
achconstructors.com,GCs US/CA net-new (06-30)
acmecos.com,GCs US/CA net-new (06-30)
acrbuild.com,GCs US/CA net-new (06-30)
actioncontractor.com,GCs US/CA net-new (06-30)
acuffenterprises.com,GCs US/CA net-new (06-30)
adccm.com,GCs US/CA net-new (06-30)
advanced-construction.com,GCs US/CA net-new (06-30)
advancedcontractorsinc.com,GCs US/CA net-new (06-30)
advancedsystemsatlanta.com,GCs US/CA net-new (06-30)
advconstruction.net,GCs US/CA net-new (06-30)
aegiscm.net,GCs US/CA net-new (06-30)
affinitybuilding.com,GCs US/CA net-new (06-30)
affordableconcepts.com,GCs US/CA net-new (06-30)
ahearnholtzman.com,GCs US/CA net-new (06-30)
ajamesglobal.com,GCs US/CA net-new (06-30)
ajaxgc.com,GCs US/CA net-new (06-30)
ajbrown.com,GCs US/CA net-new (06-30)
ajconstruction.com,GCs US/CA net-new (06-30)
akrabuilders.com,GCs US/CA net-new (06-30)
alamosystemllc.com,GCs US/CA net-new (06-30)
albertjean.com,GCs US/CA net-new (06-30)
albu.biz,GCs US/CA net-new (06-30)
alcoconstruction.us,GCs US/CA net-new (06-30)
alcornci.com,GCs US/CA net-new (06-30)
aligncl.com,GCs US/CA net-new (06-30)
allanconstruction.ca,GCs US/CA net-new (06-30)
allconstructiongroup.com,GCs US/CA net-new (06-30)
alleatogroup.com,GCs US/CA net-new (06-30)
alleghenyconstruction.com,GCs US/CA net-new (06-30)
allenbatchelor.com,GCs US/CA net-new (06-30)
alliedcook.com,GCs US/CA net-new (06-30)
allspecinc.com,GCs US/CA net-new (06-30)
alpinecontractinginc.com,GCs US/CA net-new (06-30)
alpostinc.com,GCs US/CA net-new (06-30)
altconstruction.com,GCs US/CA net-new (06-30)
amartinigc.com,GCs US/CA net-new (06-30)
ambercontractors.com,GCs US/CA net-new (06-30)
amconcorp.com,GCs US/CA net-new (06-30)
amerailsys.com,GCs US/CA net-new (06-30)
america9construction.com,GCs US/CA net-new (06-30)
americanempirebuilders.com,GCs US/CA net-new (06-30)
americaribe.us,GCs US/CA net-new (06-30)
ameritechcontracting.com,GCs US/CA net-new (06-30)
amgcllc.com,GCs US/CA net-new (06-30)
anchorconstruction.com,GCs US/CA net-new (06-30)
ancorinc.com,GCs US/CA net-new (06-30)
andresconstruction.com,GCs US/CA net-new (06-30)
andrewgc.com,GCs US/CA net-new (06-30)
angusconstruction.com,GCs US/CA net-new (06-30)
ao-tx.com,GCs US/CA net-new (06-30)
apappajohn.com,GCs US/CA net-new (06-30)
apbuildersusa.com,GCs US/CA net-new (06-30)
apcgroupltd.com,GCs US/CA net-new (06-30)
apglobalcontractors.com,GCs US/CA net-new (06-30)
arbrouwer.com,GCs US/CA net-new (06-30)
arc-construction.com,GCs US/CA net-new (06-30)
arcgc.com,GCs US/CA net-new (06-30)
archettoconstruction.com,GCs US/CA net-new (06-30)
archsb.com,GCs US/CA net-new (06-30)
arclightcontractors.com,GCs US/CA net-new (06-30)
argobuilding.com,GCs US/CA net-new (06-30)
argonautconstructors.com,GCs US/CA net-new (06-30)
arriscontracting.com,GCs US/CA net-new (06-30)
arrowindian.com,GCs US/CA net-new (06-30)
artaicgroup.com,GCs US/CA net-new (06-30)
arviso.com,GCs US/CA net-new (06-30)
ascoconstruction.com,GCs US/CA net-new (06-30)
ashlaurconstruction.com,GCs US/CA net-new (06-30)
ashtoncc.com,GCs US/CA net-new (06-30)
asigc.com,GCs US/CA net-new (06-30)
atcs-inc.com,GCs US/CA net-new (06-30)
athertonconstruction.com,GCs US/CA net-new (06-30)
atlasbuilds.com,GCs US/CA net-new (06-30)
atriabuilders.com,GCs US/CA net-new (06-30)
auburn.biz,GCs US/CA net-new (06-30)
ausleyconstruction.com,GCs US/CA net-new (06-30)
ausonio.com,GCs US/CA net-new (06-30)
austinjonescorp.com,GCs US/CA net-new (06-30)
authumki.com,GCs US/CA net-new (06-30)
avantage-plus.com,GCs US/CA net-new (06-30)
avaraconstruction.com,GCs US/CA net-new (06-30)
avcarlson.ca,GCs US/CA net-new (06-30)
avconconstructorsinc.com,GCs US/CA net-new (06-30)
avenueconstruction.com,GCs US/CA net-new (06-30)
awcontracting.us,GCs US/CA net-new (06-30)
awolfandson.com,GCs US/CA net-new (06-30)
axel-inc.com,GCs US/CA net-new (06-30)
axis-builders.com,GCs US/CA net-new (06-30)
axishc.net,GCs US/CA net-new (06-30)
azshmina.com,GCs US/CA net-new (06-30)
azteccontractors.com,GCs US/CA net-new (06-30)
ba-builders.com,GCs US/CA net-new (06-30)
babsdb.com,GCs US/CA net-new (06-30)
baileygc.com,GCs US/CA net-new (06-30)
bainesgroupinc.com,GCs US/CA net-new (06-30)
bakerdesign.build,GCs US/CA net-new (06-30)
baldhillbuilders.com,GCs US/CA net-new (06-30)
baldwingeneral.com,GCs US/CA net-new (06-30)
baltimorecontractors.com,GCs US/CA net-new (06-30)
bandhconst.com,GCs US/CA net-new (06-30)
bandr-construction.com,GCs US/CA net-new (06-30)
barbconstruction.com,GCs US/CA net-new (06-30)
barberklein.com,GCs US/CA net-new (06-30)
barnsleygroup.com,GCs US/CA net-new (06-30)
barronbuilders.com,GCs US/CA net-new (06-30)
basconinc.com,GCs US/CA net-new (06-30)
base-cm.com,GCs US/CA net-new (06-30)
basecominc.com,GCs US/CA net-new (06-30)
bassconstruction.com,GCs US/CA net-new (06-30)
bauerak.com,GCs US/CA net-new (06-30)
baxterconstructionco.com,GCs US/CA net-new (06-30)
baystateservices.net,GCs US/CA net-new (06-30)
baytobayproperties.com,GCs US/CA net-new (06-30)
bbbcorp.com,GCs US/CA net-new (06-30)
bbeinc.com,GCs US/CA net-new (06-30)
bcginc.net,GCs US/CA net-new (06-30)
bciconstruction.us,GCs US/CA net-new (06-30)
bcimi.com,GCs US/CA net-new (06-30)
bcmconstruction.com,GCs US/CA net-new (06-30)
bcmmorring.com,GCs US/CA net-new (06-30)
bcsincorporated.com,GCs US/CA net-new (06-30)
beaconcs.net,GCs US/CA net-new (06-30)
becaustin.com,GCs US/CA net-new (06-30)
beckandhofer.com,GCs US/CA net-new (06-30)
beesinc.net,GCs US/CA net-new (06-30)
belmontconstruction.com,GCs US/CA net-new (06-30)
benchmarkbuildinggroup.com,GCs US/CA net-new (06-30)
benchmarkconstruction.org,GCs US/CA net-new (06-30)
benchmarkcontractingsc.com,GCs US/CA net-new (06-30)
benchmarkhouston.com,GCs US/CA net-new (06-30)
bentconstruction.com,GCs US/CA net-new (06-30)
beshearsconstruction.com,GCs US/CA net-new (06-30)
bfambuilders.com,GCs US/CA net-new (06-30)
bhi-gc.com,GCs US/CA net-new (06-30)
bigdogcsi.com,GCs US/CA net-new (06-30)
bigskybuilt.com,GCs US/CA net-new (06-30)
bigskyllc.com,GCs US/CA net-new (06-30)
biltmoreconstruction.com,GCs US/CA net-new (06-30)
binderconstruction.com,GCs US/CA net-new (06-30)
bingmancc.com,GCs US/CA net-new (06-30)
birchmier.com,GCs US/CA net-new (06-30)
bird.ca,GCs US/CA net-new (06-30)
biscayne-contractors.com,GCs US/CA net-new (06-30)
bismarkconstruction.com,GCs US/CA net-new (06-30)
bjbconstruction.com,GCs US/CA net-new (06-30)
blacklabconstruction.com,GCs US/CA net-new (06-30)
blacklinestl.com,GCs US/CA net-new (06-30)
blackrock-construction.com,GCs US/CA net-new (06-30)
blanecasey.com,GCs US/CA net-new (06-30)
blinderman.com,GCs US/CA net-new (06-30)
blockainc.com,GCs US/CA net-new (06-30)
blockbuildinc.com,GCs US/CA net-new (06-30)
blspille.com,GCs US/CA net-new (06-30)
bluehammerllc.com,GCs US/CA net-new (06-30)
bluenorthernbuilders.com,GCs US/CA net-new (06-30)
bluescape.ca,GCs US/CA net-new (06-30)
bluestonebuild.com,GCs US/CA net-new (06-30)
bmyinc.com,GCs US/CA net-new (06-30)
bogartconstruction.com,GCs US/CA net-new (06-30)
bondbrothers.com,GCs US/CA net-new (06-30)
bosaconstruction.com,GCs US/CA net-new (06-30)
boserconstruction.com,GCs US/CA net-new (06-30)
bosonco.com,GCs US/CA net-new (06-30)
bowmanconstructors.com,GCs US/CA net-new (06-30)
bradyccs.com,GCs US/CA net-new (06-30)
brantleyconstruction.com,GCs US/CA net-new (06-30)
brasciabuilders.com,GCs US/CA net-new (06-30)
bratjenconstruction.com,GCs US/CA net-new (06-30)
brauncg.com,GCs US/CA net-new (06-30)
brawnconstruction.ca,GCs US/CA net-new (06-30)
bresterconstruction.com,GCs US/CA net-new (06-30)
bridgespbt.com,GCs US/CA net-new (06-30)
briohn.com,GCs US/CA net-new (06-30)
brockamp-jaeger.com,GCs US/CA net-new (06-30)
brockwellcarrington.com,GCs US/CA net-new (06-30)
brookconstruction.ca,GCs US/CA net-new (06-30)
brooksandfreund.com,GCs US/CA net-new (06-30)
brothersgroupco.com,GCs US/CA net-new (06-30)
browncontracting.net,GCs US/CA net-new (06-30)
bruns-gutzwiller.com,GCs US/CA net-new (06-30)
brunsgc.com,GCs US/CA net-new (06-30)
brysonconstructors.com,GCs US/CA net-new (06-30)
bsdbuilders.com,GCs US/CA net-new (06-30)
btaitbuilders.com,GCs US/CA net-new (06-30)
bucontractors.com,GCs US/CA net-new (06-30)
buffalo.builders,GCs US/CA net-new (06-30)
buhlerconstructioncompany.com,GCs US/CA net-new (06-30)
buildcc.net,GCs US/CA net-new (06-30)
buildchampion.com,GCs US/CA net-new (06-30)
buildcitywide.com,GCs US/CA net-new (06-30)
builderguru.com,GCs US/CA net-new (06-30)
buildersbydesigncorp.com,GCs US/CA net-new (06-30)
buildersinc.com,GCs US/CA net-new (06-30)
buildersinc.org,GCs US/CA net-new (06-30)
buildersteam.com,GCs US/CA net-new (06-30)
buildersunited.com,GCs US/CA net-new (06-30)
buildhernandez.com,GCs US/CA net-new (06-30)
buildingservices.us,GCs US/CA net-new (06-30)
builditblue.net,GCs US/CA net-new (06-30)
buildoutpros.com,GCs US/CA net-new (06-30)
buildunity.com,GCs US/CA net-new (06-30)
buildwithacl.com,GCs US/CA net-new (06-30)
buildwithball.com,GCs US/CA net-new (06-30)
buildwithdcbg.com,GCs US/CA net-new (06-30)
buildwithsullivan.com,GCs US/CA net-new (06-30)
builtbycm.com,GCs US/CA net-new (06-30)
builtmammoth.com,GCs US/CA net-new (06-30)
bunchconstructioninc.com,GCs US/CA net-new (06-30)
bunkoffgc.com,GCs US/CA net-new (06-30)
bunnbrantley.com,GCs US/CA net-new (06-30)
buquet-leblanc.com,GCs US/CA net-new (06-30)
bureshbuildings.com,GCs US/CA net-new (06-30)
burgecorporation.com,GCs US/CA net-new (06-30)
burlingbuilders.com,GCs US/CA net-new (06-30)
burlingtonconstruction.com,GCs US/CA net-new (06-30)
burtonconstruction.net,GCs US/CA net-new (06-30)
bushconstruct.com,GCs US/CA net-new (06-30)
butz.com,GCs US/CA net-new (06-30)
bwbuild.com,GCs US/CA net-new (06-30)
bwc-construction.com,GCs US/CA net-new (06-30)
bwkennedyco.com,GCs US/CA net-new (06-30)
c-cky.com,GCs US/CA net-new (06-30)
cacompaction.com,GCs US/CA net-new (06-30)
cactuscommercial.com,GCs US/CA net-new (06-30)
cal-city.com,GCs US/CA net-new (06-30)
caliperconst.com,GCs US/CA net-new (06-30)
cambuildsusa.com,GCs US/CA net-new (06-30)
camdon.ca,GCs US/CA net-new (06-30)
camosy.com,GCs US/CA net-new (06-30)
camson.com,GCs US/CA net-new (06-30)
canaancompanies.com,GCs US/CA net-new (06-30)
capital-cm.com,GCs US/CA net-new (06-30)
capitaltxi.com,GCs US/CA net-new (06-30)
carbonsix.com,GCs US/CA net-new (06-30)
cardinalconst.com,GCs US/CA net-new (06-30)
carlsonkennedy.com,GCs US/CA net-new (06-30)
carltonconstruction.net,GCs US/CA net-new (06-30)
carolinacommercialnc.com,GCs US/CA net-new (06-30)
carolinaservicesinc.com,GCs US/CA net-new (06-30)
cartergroupllc.com,GCs US/CA net-new (06-30)
casconstructors.com,GCs US/CA net-new (06-30)
castawayhawaii.com,GCs US/CA net-new (06-30)
catcord.com,GCs US/CA net-new (06-30)
cavanaughbuilding.com,GCs US/CA net-new (06-30)
cavcon.com,GCs US/CA net-new (06-30)
cbcsllc.com,GCs US/CA net-new (06-30)
cbigc.com,GCs US/CA net-new (06-30)
cbmconstruction.net,GCs US/CA net-new (06-30)
cbsisandiego.com,GCs US/CA net-new (06-30)
ccbrandt.com,GCs US/CA net-new (06-30)
ccbuildersinc.com,GCs US/CA net-new (06-30)
ccc-chicago.com,GCs US/CA net-new (06-30)
cccmgmt.com,GCs US/CA net-new (06-30)
ccdbuilding.com,GCs US/CA net-new (06-30)
ccgcommercialgroup.com,GCs US/CA net-new (06-30)
ccgmd.com,GCs US/CA net-new (06-30)
cciconstruct.com,GCs US/CA net-new (06-30)
ccigroupusa.com,GCs US/CA net-new (06-30)
ccinwa.com,GCs US/CA net-new (06-30)
ccsbuilds.com,GCs US/CA net-new (06-30)
ccsvet.com,GCs US/CA net-new (06-30)
cdc-construction.com,GCs US/CA net-new (06-30)
cdi-sc.com,GCs US/CA net-new (06-30)
cdiinc.net,GCs US/CA net-new (06-30)
cdredding.com,GCs US/CA net-new (06-30)
cdscontractors.com,GCs US/CA net-new (06-30)
cegconstruction.com,GCs US/CA net-new (06-30)
ceitulsa.com,GCs US/CA net-new (06-30)
centconllc.com,GCs US/CA net-new (06-30)
centralbuilders.net,GCs US/CA net-new (06-30)
centreconstructiongroup.com,GCs US/CA net-new (06-30)
centurioncoinc.com,GCs US/CA net-new (06-30)
centurioncompaniesinc.com,GCs US/CA net-new (06-30)
cesbuild.com,GCs US/CA net-new (06-30)
cfauscorp.com,GCs US/CA net-new (06-30)
cfisherconstruction.com,GCs US/CA net-new (06-30)
cfmprojects.com,GCs US/CA net-new (06-30)
cgcflorida.com,GCs US/CA net-new (06-30)
chambersconstruction.com,GCs US/CA net-new (06-30)
chancelconstruction.com,GCs US/CA net-new (06-30)
chasco.com,GCs US/CA net-new (06-30)
chc-group.com,GCs US/CA net-new (06-30)
chervenell.com,GCs US/CA net-new (06-30)
christnercontracting.com,GCs US/CA net-new (06-30)
ci-gc.com,GCs US/CA net-new (06-30)
cinnovas.com,GCs US/CA net-new (06-30)
cippco.com,GCs US/CA net-new (06-30)
circon.ca,GCs US/CA net-new (06-30)
cistlouis.com,GCs US/CA net-new (06-30)
cjrcg.com,GCs US/CA net-new (06-30)
cjsnyc.com,GCs US/CA net-new (06-30)
clarionconstruction.com,GCs US/CA net-new (06-30)
clarkbuilders.com,GCs US/CA net-new (06-30)
clarkconstruction.com,GCs US/CA net-new (06-30)
clay-construction.com,GCs US/CA net-new (06-30)
clementgroup-llc.com,GCs US/CA net-new (06-30)
clementsdean.com,GCs US/CA net-new (06-30)
clemonsconstructionco.com,GCs US/CA net-new (06-30)
cliffordbuckconstruction.com,GCs US/CA net-new (06-30)
clnebraska.com,GCs US/CA net-new (06-30)
clsproject.com,GCs US/CA net-new (06-30)
cmbteam.com,GCs US/CA net-new (06-30)
cmcconstruct.com,GCs US/CA net-new (06-30)
cmccorp.us,GCs US/CA net-new (06-30)
cmh-usa.com,GCs US/CA net-new (06-30)
cmigc.com,GCs US/CA net-new (06-30)
cmmitchellconstruction.com,GCs US/CA net-new (06-30)
cms-construction.net,GCs US/CA net-new (06-30)
cnbconstruction.com,GCs US/CA net-new (06-30)
coastlinedevelopment.com,GCs US/CA net-new (06-30)
cobeckconstruction.com,GCs US/CA net-new (06-30)
cobuildinc.com,GCs US/CA net-new (06-30)
codacg.com,GCs US/CA net-new (06-30)
coeconstruction.com,GCs US/CA net-new (06-30)
coilconstruction.com,GCs US/CA net-new (06-30)
colarelliconstruction.com,GCs US/CA net-new (06-30)
colarellicustomhomes.com,GCs US/CA net-new (06-30)
colbyenterprisesinc.com,GCs US/CA net-new (06-30)
colincc.com,GCs US/CA net-new (06-30)
collinsfl.com,GCs US/CA net-new (06-30)
combuild.com,GCs US/CA net-new (06-30)
commercialteamconstruction.com,GCs US/CA net-new (06-30)
commlbldrs.com,GCs US/CA net-new (06-30)
commodorebuilders.com,GCs US/CA net-new (06-30)
compassccg.com,GCs US/CA net-new (06-30)
completehi.com,GCs US/CA net-new (06-30)
compoconstruction.com,GCs US/CA net-new (06-30)
conambuildingco.com,GCs US/CA net-new (06-30)
conceptaz.com,GCs US/CA net-new (06-30)
conceptualinteriors.com,GCs US/CA net-new (06-30)
concordprojects.com,GCs US/CA net-new (06-30)
connectingelements.com,GCs US/CA net-new (06-30)
consensusconstruction.com,GCs US/CA net-new (06-30)
construct1.com,GCs US/CA net-new (06-30)
constructable.pro,GCs US/CA net-new (06-30)
constructinc.biz,GCs US/CA net-new (06-30)
constructionpbm.com,GCs US/CA net-new (06-30)
constructionsource.com,GCs US/CA net-new (06-30)
construger.com,GCs US/CA net-new (06-30)
continentaldbi.com,GCs US/CA net-new (06-30)
contour-gc.com,GCs US/CA net-new (06-30)
contractosprey.com,GCs US/CA net-new (06-30)
cooleyconstruction.com,GCs US/CA net-new (06-30)
cooperbuild.com,GCs US/CA net-new (06-30)
coopergc.com,GCs US/CA net-new (06-30)
coopergencon.com,GCs US/CA net-new (06-30)
copperrockconstruction.com,GCs US/CA net-new (06-30)
corcon-usa.com,GCs US/CA net-new (06-30)
corconstruction.com,GCs US/CA net-new (06-30)
cordermancompany.com,GCs US/CA net-new (06-30)
corebuildconstruction.com,GCs US/CA net-new (06-30)
coreconstruction.com,GCs US/CA net-new (06-30)
cormode.com,GCs US/CA net-new (06-30)
cornerstonebuildersgroup.net,GCs US/CA net-new (06-30)
corp-construction.com,GCs US/CA net-new (06-30)
corticonstruction.com,GCs US/CA net-new (06-30)
costanzabuilders.com,GCs US/CA net-new (06-30)
cowenconstruction.com,GCs US/CA net-new (06-30)
coxschepp.com,GCs US/CA net-new (06-30)
cpmnw.com,GCs US/CA net-new (06-30)
cqcohio.com,GCs US/CA net-new (06-30)
cranesteel.com,GCs US/CA net-new (06-30)
creativestructuresinc.com,GCs US/CA net-new (06-30)
criticalpathsolutions.com,GCs US/CA net-new (06-30)
crosslineconstruction.com,GCs US/CA net-new (06-30)
crossmanagementcorp.com,GCs US/CA net-new (06-30)
crsconst.com,GCs US/CA net-new (06-30)
cruz.llc,GCs US/CA net-new (06-30)
cscwnc.com,GCs US/CA net-new (06-30)
csgcharleston.com,GCs US/CA net-new (06-30)
csiconstruction.net,GCs US/CA net-new (06-30)
csicontractors.net,GCs US/CA net-new (06-30)
ctiut.com,GCs US/CA net-new (06-30)
ctjconstruction.com,GCs US/CA net-new (06-30)
ctwilson.com,GCs US/CA net-new (06-30)
cullencm.com,GCs US/CA net-new (06-30)
culpepperconstruction.com,GCs US/CA net-new (06-30)
curranyoung.com,GCs US/CA net-new (06-30)
curtislayer.com,GCs US/CA net-new (06-30)
custombuildingsystems.com,GCs US/CA net-new (06-30)
cvmnext.com,GCs US/CA net-new (06-30)
cwconstruct.com,GCs US/CA net-new (06-30)
cwiconstruction.com,GCs US/CA net-new (06-30)
daeverettgroup.com,GCs US/CA net-new (06-30)
daigc.com,GCs US/CA net-new (06-30)
dancor.ca,GCs US/CA net-new (06-30)
danddcc.com,GCs US/CA net-new (06-30)
dandrinc.com,GCs US/CA net-new (06-30)
danis.com,GCs US/CA net-new (06-30)
dantobuilders.com,GCs US/CA net-new (06-30)
dasullivan.com,GCs US/CA net-new (06-30)
datumconstruction.com,GCs US/CA net-new (06-30)
davcon.ca,GCs US/CA net-new (06-30)
davidovitsco.com,GCs US/CA net-new (06-30)
dawnincorporated.com,GCs US/CA net-new (06-30)
dawson.com,GCs US/CA net-new (06-30)
dax-gs.com,GCs US/CA net-new (06-30)
db-gc.com,GCs US/CA net-new (06-30)
dcc-cdc.gc.ca,GCs US/CA net-new (06-30)
dccgc.com,GCs US/CA net-new (06-30)
dci-team.com,GCs US/CA net-new (06-30)
dcigroup-us.com,GCs US/CA net-new (06-30)
dcsmidwest.com,GCs US/CA net-new (06-30)
ddandbconstruction.com,GCs US/CA net-new (06-30)
deanbuilds.com,GCs US/CA net-new (06-30)
deansnyder.com,GCs US/CA net-new (06-30)
deerfieldcon.com,GCs US/CA net-new (06-30)
dejeanco.com,GCs US/CA net-new (06-30)
delnor.ca,GCs US/CA net-new (06-30)
delsano.com,GCs US/CA net-new (06-30)
deltaconstructionaz.com,GCs US/CA net-new (06-30)
deltagsinc.com,GCs US/CA net-new (06-30)
dennettconstruction.com,GCs US/CA net-new (06-30)
deohio.com,GCs US/CA net-new (06-30)
designbuildsolutions.ca,GCs US/CA net-new (06-30)
devonindustrial.com,GCs US/CA net-new (06-30)
dfi-gc.com,GCs US/CA net-new (06-30)
dhiconstructionservices.com,GCs US/CA net-new (06-30)
diamondcontracting.com,GCs US/CA net-new (06-30)
diamondcontractors.com,GCs US/CA net-new (06-30)
dibuild.com,GCs US/CA net-new (06-30)
dillonia.com,GCs US/CA net-new (06-30)
dimensionscontracting.com,GCs US/CA net-new (06-30)
dimeo.com,GCs US/CA net-new (06-30)
dineen.com,GCs US/CA net-new (06-30)
districtconstruction.com,GCs US/CA net-new (06-30)
diversifiedconstruction.com,GCs US/CA net-new (06-30)
dixon-inc.com,GCs US/CA net-new (06-30)
djkranz.com,GCs US/CA net-new (06-30)
dlsconstruction.ca,GCs US/CA net-new (06-30)
dndbuilding.com,GCs US/CA net-new (06-30)
doegedevelopment.com,GCs US/CA net-new (06-30)
dogwoodsite.com,GCs US/CA net-new (06-30)
donahueconstruction.com,GCs US/CA net-new (06-30)
dooleymack.com,GCs US/CA net-new (06-30)
dotconstructioninc.com,GCs US/CA net-new (06-30)
dowlingconst.com,GCs US/CA net-new (06-30)
downingconstruct.com,GCs US/CA net-new (06-30)
dowsmith.com,GCs US/CA net-new (06-30)
drcconstruction.com,GCs US/CA net-new (06-30)
drreynolds.com,GCs US/CA net-new (06-30)
dscbuilds.com,GCs US/CA net-new (06-30)
dspbuilders.com,GCs US/CA net-new (06-30)
dstephenson.com,GCs US/CA net-new (06-30)
dtlbuilders.com,GCs US/CA net-new (06-30)
dublinbuilding.com,GCs US/CA net-new (06-30)
ducon.us,GCs US/CA net-new (06-30)
duffekconstruction.com,GCs US/CA net-new (06-30)
duininck.com,GCs US/CA net-new (06-30)
duquetteconstruction.com,GCs US/CA net-new (06-30)
durandbuilders.com,GCs US/CA net-new (06-30)
dwatts.com,GCs US/CA net-new (06-30)
dynamicconstruction.com,GCs US/CA net-new (06-30)
dynamictrades.com,GCs US/CA net-new (06-30)
dziconstruction.com,GCs US/CA net-new (06-30)
e-dot.com,GCs US/CA net-new (06-30)
eaglebuildingllc.com,GCs US/CA net-new (06-30)
eagledesignbuild.com,GCs US/CA net-new (06-30)
easternconstruction.com,GCs US/CA net-new (06-30)
eastharding.com,GCs US/CA net-new (06-30)
eastoncompanies.com,GCs US/CA net-new (06-30)
eccinc.com,GCs US/CA net-new (06-30)
eciaustin.com,GCs US/CA net-new (06-30)
eckinger.com,GCs US/CA net-new (06-30)
ecs.construction,GCs US/CA net-new (06-30)
ecsbuilds.com,GCs US/CA net-new (06-30)
edwardsrigdon.com,GCs US/CA net-new (06-30)
eeaustin.com,GCs US/CA net-new (06-30)
eecon-inc.com,GCs US/CA net-new (06-30)
egstoltzfus.com,GCs US/CA net-new (06-30)
eichbergconstruction.com,GCs US/CA net-new (06-30)
einsteinsinc.com,GCs US/CA net-new (06-30)
elevatecm.com,GCs US/CA net-new (06-30)
elite-companies.com,GCs US/CA net-new (06-30)
elitecnd.com,GCs US/CA net-new (06-30)
eliteconstructiondesign.net,GCs US/CA net-new (06-30)
ellingsoncontracting.com,GCs US/CA net-new (06-30)
ellisdon.com,GCs US/CA net-new (06-30)
elysiumconstruction.com,GCs US/CA net-new (06-30)
emabuildersinc.com,GCs US/CA net-new (06-30)
emeraldcontractingcorp.com,GCs US/CA net-new (06-30)
emeryassoc.com,GCs US/CA net-new (06-30)
empireconst.com,GCs US/CA net-new (06-30)
eng-con.com,GCs US/CA net-new (06-30)
engagecontracting.com,GCs US/CA net-new (06-30)
envision-cs.com,GCs US/CA net-new (06-30)
envsn.com,GCs US/CA net-new (06-30)
eosbuilders.com,GCs US/CA net-new (06-30)
epguidi.com,GCs US/CA net-new (06-30)
epiconst.com,GCs US/CA net-new (06-30)
ersfl.com,GCs US/CA net-new (06-30)
esfox.com,GCs US/CA net-new (06-30)
espaceconstruction.com,GCs US/CA net-new (06-30)
esplanadebuilders.com,GCs US/CA net-new (06-30)
essianconstruction.com,GCs US/CA net-new (06-30)
evansbuilders.com,GCs US/CA net-new (06-30)
everestconstruction.ca,GCs US/CA net-new (06-30)
ewingconstruction.com,GCs US/CA net-new (06-30)
exbon.com,GCs US/CA net-new (06-30)
exodusconstruction.net,GCs US/CA net-new (06-30)
facilitiescontracting.com,GCs US/CA net-new (06-30)
facilitysite.com,GCs US/CA net-new (06-30)
fahsconstruction.com,GCs US/CA net-new (06-30)
fairbanksaz.com,GCs US/CA net-new (06-30)
fairwoodbuilds.com,GCs US/CA net-new (06-30)
farmer-ltd.com,GCs US/CA net-new (06-30)
farringtonconstruction.com,GCs US/CA net-new (06-30)
farwestcontractors.com,GCs US/CA net-new (06-30)
fastracgc.com,GCs US/CA net-new (06-30)
fci.construction,GCs US/CA net-new (06-30)
fedcorp.com,GCs US/CA net-new (06-30)
fergusonconstruction.com,GCs US/CA net-new (06-30)
fhgbuilders.com,GCs US/CA net-new (06-30)
finalygc.com,GCs US/CA net-new (06-30)
findorff.com,GCs US/CA net-new (06-30)
finialconstruction.com,GCs US/CA net-new (06-30)
finncdi.com,GCs US/CA net-new (06-30)
fio-con.com,GCs US/CA net-new (06-30)
firstmarkcontracting.com,GCs US/CA net-new (06-30)
fittsandgoodwin.com,GCs US/CA net-new (06-30)
flagshipconstruction.ca,GCs US/CA net-new (06-30)
flintlockllc.com,GCs US/CA net-new (06-30)
flintrockcommercial.com,GCs US/CA net-new (06-30)
flooringenv.com,GCs US/CA net-new (06-30)
fmgtx.com,GCs US/CA net-new (06-30)
focusdesignbuilders.com,GCs US/CA net-new (06-30)
fogel-anderson.com,GCs US/CA net-new (06-30)
fordconstruction.org,GCs US/CA net-new (06-30)
fortisgroup.ca,GCs US/CA net-new (06-30)
fortunatoconstruction.com,GCs US/CA net-new (06-30)
foxcitiesbuilders.com,GCs US/CA net-new (06-30)
fraregallant.com,GCs US/CA net-new (06-30)
frecon.ca,GCs US/CA net-new (06-30)
frederickconstruction.com,GCs US/CA net-new (06-30)
fredshearer.com,GCs US/CA net-new (06-30)
freemanbuilding.com,GCs US/CA net-new (06-30)
friede.com,GCs US/CA net-new (06-30)
fs360.com,GCs US/CA net-new (06-30)
fsbuildinginc.com,GCs US/CA net-new (06-30)
funkconstruction.com,GCs US/CA net-new (06-30)
fusioncorp.ca,GCs US/CA net-new (06-30)
fwc.co,GCs US/CA net-new (06-30)
fwmadigan.com,GCs US/CA net-new (06-30)
fwsgroup.com,GCs US/CA net-new (06-30)
g2construction.net,GCs US/CA net-new (06-30)
g2iconstruction.com,GCs US/CA net-new (06-30)
g3construction.net,GCs US/CA net-new (06-30)
g3constructiongroup.com,GCs US/CA net-new (06-30)
g4cm.com,GCs US/CA net-new (06-30)
gajohnson.com,GCs US/CA net-new (06-30)
ganichols.com,GCs US/CA net-new (06-30)
gannestonconstruction.com,GCs US/CA net-new (06-30)
garceteconstruction.com,GCs US/CA net-new (06-30)
gardenonthewall.com,GCs US/CA net-new (06-30)
gardnerconstructionenterprises.com,GCs US/CA net-new (06-30)
gariup.com,GCs US/CA net-new (06-30)
garmong.net,GCs US/CA net-new (06-30)
gatemanmilloy.com,GCs US/CA net-new (06-30)
gatewaybuildco.com,GCs US/CA net-new (06-30)
gbcconstruct.com,GCs US/CA net-new (06-30)
gbuildcm.com,GCs US/CA net-new (06-30)
gccommercialconst.com,GCs US/CA net-new (06-30)
gcfirst.com,GCs US/CA net-new (06-30)
gcgbuilds.com,GCs US/CA net-new (06-30)
gcmbuilt.com,GCs US/CA net-new (06-30)
gcmcontracting.com,GCs US/CA net-new (06-30)
gconinc.com,GCs US/CA net-new (06-30)
gcwyatt.com,GCs US/CA net-new (06-30)
gdkconstruction.com,GCs US/CA net-new (06-30)
geigerbrothers.com,GCs US/CA net-new (06-30)
gencapgc.com,GCs US/CA net-new (06-30)
genconcorp.com,GCs US/CA net-new (06-30)
generalcivil.com,GCs US/CA net-new (06-30)
generalcontractor.com,GCs US/CA net-new (06-30)
genesiscoc.com,GCs US/CA net-new (06-30)
genron.ca,GCs US/CA net-new (06-30)
gerdingbuilders.com,GCs US/CA net-new (06-30)
gibraltar.ca,GCs US/CA net-new (06-30)
gidelkocal.com,GCs US/CA net-new (06-30)
gillettconstruction.com,GCs US/CA net-new (06-30)
gipi.com,GCs US/CA net-new (06-30)
givsco.com,GCs US/CA net-new (06-30)
glbconstruction.com,GCs US/CA net-new (06-30)
globalpowerconstruction.com,GCs US/CA net-new (06-30)
glwilson.com,GCs US/CA net-new (06-30)
gmhillengineering.com,GCs US/CA net-new (06-30)
gmnorthrup.com,GCs US/CA net-new (06-30)
godbk.com,GCs US/CA net-new (06-30)
goebelmitts.com,GCs US/CA net-new (06-30)
gomccarthy.com,GCs US/CA net-new (06-30)
gomezconstruction.com,GCs US/CA net-new (06-30)
gonrsg.com,GCs US/CA net-new (06-30)
gordianconstruction.com,GCs US/CA net-new (06-30)
gorsuchconstruction.com,GCs US/CA net-new (06-30)
goudycc.com,GCs US/CA net-new (06-30)
govanbrown.com,GCs US/CA net-new (06-30)
gracecm.com,GCs US/CA net-new (06-30)
gramoll.com,GCs US/CA net-new (06-30)
gravesconstruction.com,GCs US/CA net-new (06-30)
graybach.com,GCs US/CA net-new (06-30)
grayconstructionrva.com,GCs US/CA net-new (06-30)
greatstates.us,GCs US/CA net-new (06-30)
greeneconstructionnc.com,GCs US/CA net-new (06-30)
greenheartenterprises.net,GCs US/CA net-new (06-30)
greenstone.build,GCs US/CA net-new (06-30)
greentouchbuilders.com,GCs US/CA net-new (06-30)
grenlar.com,GCs US/CA net-new (06-30)
groenconstruction.com,GCs US/CA net-new (06-30)
groupe-laverdure.com,GCs US/CA net-new (06-30)
groupegeyser.com,GCs US/CA net-new (06-30)
groupeqmd.ca,GCs US/CA net-new (06-30)
groupesutera.com,GCs US/CA net-new (06-30)
gssconstruction.com,GCs US/CA net-new (06-30)
gthreebuilders.com,GCs US/CA net-new (06-30)
gundersonconstruction.com,GCs US/CA net-new (06-30)
gunterkc.com,GCs US/CA net-new (06-30)
gutknecht.com,GCs US/CA net-new (06-30)
gwmitchell.com,GCs US/CA net-new (06-30)
halmeconstruction.com,GCs US/CA net-new (06-30)
halo-construction.com,GCs US/CA net-new (06-30)
hankinsmidwest.com,GCs US/CA net-new (06-30)
hanlinrainaldi.com,GCs US/CA net-new (06-30)
hannigconstruction.com,GCs US/CA net-new (06-30)
hansencompany.com,GCs US/CA net-new (06-30)
hansongc.com,GCs US/CA net-new (06-30)
hardaway.net,GCs US/CA net-new (06-30)
hardcastleconstruction.com,GCs US/CA net-new (06-30)
harencompanies.com,GCs US/CA net-new (06-30)
hargravebuilders.com,GCs US/CA net-new (06-30)
harringtonsc.com,GCs US/CA net-new (06-30)
hasseconstruction.com,GCs US/CA net-new (06-30)
haszinc.com,GCs US/CA net-new (06-30)
hayco-construction.com,GCs US/CA net-new (06-30)
haydenco.com,GCs US/CA net-new (06-30)
hbneild.com,GCs US/CA net-new (06-30)
hdihotels.com,GCs US/CA net-new (06-30)
headwatersbuilding.com,GCs US/CA net-new (06-30)
hebertconstruction.com,GCs US/CA net-new (06-30)
heckconstruction.com,GCs US/CA net-new (06-30)
hedrickbrothers.com,GCs US/CA net-new (06-30)
heinconstruction.com,GCs US/CA net-new (06-30)
heliosconstruction.com,GCs US/CA net-new (06-30)
hendercon.com,GCs US/CA net-new (06-30)
hendersonprojects.com,GCs US/CA net-new (06-30)
hepconstruction.com,GCs US/CA net-new (06-30)
hereusconstruction.com,GCs US/CA net-new (06-30)
heritageconstructionmn.com,GCs US/CA net-new (06-30)
heritagecontracting.us,GCs US/CA net-new (06-30)
heuerandcompany.com,GCs US/CA net-new (06-30)
hhbldrs.com,GCs US/CA net-new (06-30)
hicaps.com,GCs US/CA net-new (06-30)
hickoryus.com,GCs US/CA net-new (06-30)
hifive1.com,GCs US/CA net-new (06-30)
hightconstruction.com,GCs US/CA net-new (06-30)
hillhouseconstruction.com,GCs US/CA net-new (06-30)
himmelmanconstruction.com,GCs US/CA net-new (06-30)
hippersonconstruction.com,GCs US/CA net-new (06-30)
hjbconstruction.com,GCs US/CA net-new (06-30)
hlcontractors.com,GCs US/CA net-new (06-30)
hmhughes.com,GCs US/CA net-new (06-30)
hoeftbuilders.com,GCs US/CA net-new (06-30)
holaco.com,GCs US/CA net-new (06-30)
hollandlandscapers.com,GCs US/CA net-new (06-30)
hollandreadyroofing.com,GCs US/CA net-new (06-30)
hollowayconstructioninc.net,GCs US/CA net-new (06-30)
holtzbuilders.com,GCs US/CA net-new (06-30)
hooverbuildings.net,GCs US/CA net-new (06-30)
horus-cs.com,GCs US/CA net-new (06-30)
hoseleycorp.com,GCs US/CA net-new (06-30)
hospitalitybuild.com,GCs US/CA net-new (06-30)
hu-construction.com,GCs US/CA net-new (06-30)
huffconstructioninc.com,GCs US/CA net-new (06-30)
huffcontractinginc.com,GCs US/CA net-new (06-30)
huntbuilders.com,GCs US/CA net-new (06-30)
hunterbuilding.com,GCs US/CA net-new (06-30)
huotcs.com,GCs US/CA net-new (06-30)
hurstconstruction.com,GCs US/CA net-new (06-30)
hutchersonconstruction.com,GCs US/CA net-new (06-30)
hvcollins.com,GCs US/CA net-new (06-30)
hwh1887.com,GCs US/CA net-new (06-30)
hylan.ca,GCs US/CA net-new (06-30)
i2construction.com,GCs US/CA net-new (06-30)
ibsbuild.com,GCs US/CA net-new (06-30)
icbconstructiongroup.com,GCs US/CA net-new (06-30)
iciny.com,GCs US/CA net-new (06-30)
icmllcms.com,GCs US/CA net-new (06-30)
icogroup.com,GCs US/CA net-new (06-30)
icon-con.com,GCs US/CA net-new (06-30)
icongc.com,GCs US/CA net-new (06-30)
ics-homes.com,GCs US/CA net-new (06-30)
idealco.net,GCs US/CA net-new (06-30)
idrccm.com,GCs US/CA net-new (06-30)
ieigc.com,GCs US/CA net-new (06-30)
ieseconst.com,GCs US/CA net-new (06-30)
illong.com,GCs US/CA net-new (06-30)
impactroofingconstruction.com,GCs US/CA net-new (06-30)
imperialcm.com,GCs US/CA net-new (06-30)
ingenuity.ca,GCs US/CA net-new (06-30)
inhabgroup.com,GCs US/CA net-new (06-30)
integraconstruction.com,GCs US/CA net-new (06-30)
integrare.la,GCs US/CA net-new (06-30)
integratecp.com,GCs US/CA net-new (06-30)
interfaceconstruction.com,GCs US/CA net-new (06-30)
interiorclassicsonline.com,GCs US/CA net-new (06-30)
interstructinc.com,GCs US/CA net-new (06-30)
intflooring.com,GCs US/CA net-new (06-30)
intrepid-build.com,GCs US/CA net-new (06-30)
ironcladservices.com,GCs US/CA net-new (06-30)
ironconstruction.com,GCs US/CA net-new (06-30)
ironhillcm.com,GCs US/CA net-new (06-30)
its-sav.com,GCs US/CA net-new (06-30)
iwcd.ca,GCs US/CA net-new (06-30)
jacksonbuilders.com,GCs US/CA net-new (06-30)
jacogc.com,GCs US/CA net-new (06-30)
jaegerllc.com,GCs US/CA net-new (06-30)
jafielden.com,GCs US/CA net-new (06-30)
jajenningsinc.com,GCs US/CA net-new (06-30)
jameshuntconstruction.com,GCs US/CA net-new (06-30)
janeyco.com,GCs US/CA net-new (06-30)
janottaherner.com,GCs US/CA net-new (06-30)
jarrodsmartconstruction.com,GCs US/CA net-new (06-30)
jaycobuilders.ca,GCs US/CA net-new (06-30)
jbc.bz,GCs US/CA net-new (06-30)
jcb.ca,GCs US/CA net-new (06-30)
jcccontractors.com,GCs US/CA net-new (06-30)
jcicontractors.com,GCs US/CA net-new (06-30)
jcorpdesignbuild.com,GCs US/CA net-new (06-30)
jdcboston.com,GCs US/CA net-new (06-30)
jdgoodrum.com,GCs US/CA net-new (06-30)
jecumming.com,GCs US/CA net-new (06-30)
jensenbuildersltd.com,GCs US/CA net-new (06-30)
jerichogeneralcontractors.com,GCs US/CA net-new (06-30)
jersen.com,GCs US/CA net-new (06-30)
jgdevelopment.com,GCs US/CA net-new (06-30)
jhc-companies.com,GCs US/CA net-new (06-30)
jhgreene.com,GCs US/CA net-new (06-30)
jhhassinger.com,GCs US/CA net-new (06-30)
jigarcia.com,GCs US/CA net-new (06-30)
jjhenderson.com,GCs US/CA net-new (06-30)
jlb-co.com,GCs US/CA net-new (06-30)
jlcbuild.com,GCs US/CA net-new (06-30)
jlhunter.com,GCs US/CA net-new (06-30)
jlmooreinc.com,GCs US/CA net-new (06-30)
jmconsol.com,GCs US/CA net-new (06-30)
jmconstruction.com,GCs US/CA net-new (06-30)
jmcquality.com,GCs US/CA net-new (06-30)
jmthompson.com,GCs US/CA net-new (06-30)
jmthompsonco.com,GCs US/CA net-new (06-30)
johnaarnoldinc.com,GCs US/CA net-new (06-30)
johnsongalyon.com,GCs US/CA net-new (06-30)
jollaymasonry.com,GCs US/CA net-new (06-30)
jonesandjonesusa.com,GCs US/CA net-new (06-30)
jorgensonconstruction.com,GCs US/CA net-new (06-30)
jostbuilders.com,GCs US/CA net-new (06-30)
journeyconstructiongroup.com,GCs US/CA net-new (06-30)
jpgravelconstruction.ca,GCs US/CA net-new (06-30)
jpjconstruction.com,GCs US/CA net-new (06-30)
jpoolegroup.com,GCs US/CA net-new (06-30)
jpscontracting.com,GCs US/CA net-new (06-30)
jpwiseman.com,GCs US/CA net-new (06-30)
jrcapitalbuild.com,GCs US/CA net-new (06-30)
jrprisco.com,GCs US/CA net-new (06-30)
jsbuilders.com,GCs US/CA net-new (06-30)
jschmitt.cc,GCs US/CA net-new (06-30)
jthcontracts.com,GCs US/CA net-new (06-30)
jvrllc.com,GCs US/CA net-new (06-30)
jwdci.com,GCs US/CA net-new (06-30)
k2cm.com,GCs US/CA net-new (06-30)
k3cg.com,GCs US/CA net-new (06-30)
kappconstruction.com,GCs US/CA net-new (06-30)
karotechconstructiongroup.com,GCs US/CA net-new (06-30)
kasconinc.com,GCs US/CA net-new (06-30)
kaskiinc.com,GCs US/CA net-new (06-30)
kaustin.com,GCs US/CA net-new (06-30)
kbisolutions.com,GCs US/CA net-new (06-30)
kbsci.com,GCs US/CA net-new (06-30)
kdkconstruction.com,GCs US/CA net-new (06-30)
keachconstruction.com,GCs US/CA net-new (06-30)
keeley.com,GCs US/CA net-new (06-30)
kempconstruction.com,GCs US/CA net-new (06-30)
kenbridge.com,GCs US/CA net-new (06-30)
kendale.net,GCs US/CA net-new (06-30)
kennedycompanies.com,GCs US/CA net-new (06-30)
kentconstructionco.com,GCs US/CA net-new (06-30)
keyconstructionservices.com,GCs US/CA net-new (06-30)
kgcinc.com,GCs US/CA net-new (06-30)
kiewit.com,GCs US/CA net-new (06-30)
kilcor.net,GCs US/CA net-new (06-30)
kimballcc.com,GCs US/CA net-new (06-30)
kinderandsons.com,GCs US/CA net-new (06-30)
kindredconstruction.com,GCs US/CA net-new (06-30)
kinziegroup.com,GCs US/CA net-new (06-30)
klingerllc.com,GCs US/CA net-new (06-30)
knappett.com,GCs US/CA net-new (06-30)
knollmeyerbuildingcorp.com,GCs US/CA net-new (06-30)
kortbuilders.com,GCs US/CA net-new (06-30)
korteluitjohan.com,GCs US/CA net-new (06-30)
kramerconst.com,GCs US/CA net-new (06-30)
krekowjennings.com,GCs US/CA net-new (06-30)
krempp.net,GCs US/CA net-new (06-30)
kruppconstruction.com,GCs US/CA net-new (06-30)
ktkgcltd.com,GCs US/CA net-new (06-30)
kulbacks.com,GCs US/CA net-new (06-30)
kvcconstructors.com,GCs US/CA net-new (06-30)
kzcompanies.com,GCs US/CA net-new (06-30)
l2construction.ca,GCs US/CA net-new (06-30)
lambertconstructionco.com,GCs US/CA net-new (06-30)
lammco.com,GCs US/CA net-new (06-30)
landisllc.com,GCs US/CA net-new (06-30)
landivarassociates.com,GCs US/CA net-new (06-30)
landmarkbuilders.com,GCs US/CA net-new (06-30)
landmarkstructural.com,GCs US/CA net-new (06-30)
landmarkstructures.com,GCs US/CA net-new (06-30)
landryfrenchconstruction.com,GCs US/CA net-new (06-30)
larsonbuilding.com,GCs US/CA net-new (06-30)
larsonconst.com,GCs US/CA net-new (06-30)
lavacon.com,GCs US/CA net-new (06-30)
law-co.com,GCs US/CA net-new (06-30)
lawlerconstruction.com,GCs US/CA net-new (06-30)
lbruun.com,GCs US/CA net-new (06-30)
lc-corp.com,GCs US/CA net-new (06-30)
ledcor.com,GCs US/CA net-new (06-30)
leeadcock.com,GCs US/CA net-new (06-30)
leeperconstruction.com,GCs US/CA net-new (06-30)
lehmanconstructionservices.com,GCs US/CA net-new (06-30)
lehmandaman.com,GCs US/CA net-new (06-30)
lemconstruction.com,GCs US/CA net-new (06-30)
leporiconstruction.com,GCs US/CA net-new (06-30)
level3construction.com,GCs US/CA net-new (06-30)
lichtefeldinc.com,GCs US/CA net-new (06-30)
lifestylehomesaz.com,GCs US/CA net-new (06-30)
limitlesspropertyworks.com,GCs US/CA net-new (06-30)
lindsayconstruction.ca,GCs US/CA net-new (06-30)
linkousconstruction.com,GCs US/CA net-new (06-30)
lmcci.com,GCs US/CA net-new (06-30)
lmconstructionco.com,GCs US/CA net-new (06-30)
lobergconstruction.com,GCs US/CA net-new (06-30)
lodestroconstruction.com,GCs US/CA net-new (06-30)
loefflerconstruction.com,GCs US/CA net-new (06-30)
loracconstruction.ca,GCs US/CA net-new (06-30)
lowery-construction.com,GCs US/CA net-new (06-30)
lsquared.build,GCs US/CA net-new (06-30)
lugoconstructioninc.com,GCs US/CA net-new (06-30)
lunaconcorp.com,GCs US/CA net-new (06-30)
lundross.com,GCs US/CA net-new (06-30)
lvconstruction.com,GCs US/CA net-new (06-30)
lwginc.net,GCs US/CA net-new (06-30)
m1b.com,GCs US/CA net-new (06-30)
macallanconstruction.com,GCs US/CA net-new (06-30)
maggiore.co,GCs US/CA net-new (06-30)
maginnisconstruction.com,GCs US/CA net-new (06-30)
magnoliaconstruction.com,GCs US/CA net-new (06-30)
magnumcontracting.net,GCs US/CA net-new (06-30)
majorbuildersinc.com,GCs US/CA net-new (06-30)
majoritybuilders.com,GCs US/CA net-new (06-30)
makarcompany.com,GCs US/CA net-new (06-30)
maman-corp.com,GCs US/CA net-new (06-30)
mandmconstructionservices.com,GCs US/CA net-new (06-30)
maple.ca,GCs US/CA net-new (06-30)
maplecreekconstruction.com,GCs US/CA net-new (06-30)
marawood.com,GCs US/CA net-new (06-30)
maritimemechanical.ca,GCs US/CA net-new (06-30)
markwilsonconstruction.com,GCs US/CA net-new (06-30)
marlanconstruction.com,GCs US/CA net-new (06-30)
marrillia.com,GCs US/CA net-new (06-30)
martininorthern.com,GCs US/CA net-new (06-30)
masondc.com,GCs US/CA net-new (06-30)
massbldgcorp.com,GCs US/CA net-new (06-30)
masscontractingcorp.com,GCs US/CA net-new (06-30)
matconcivil.com,GCs US/CA net-new (06-30)
matrixsc.net,GCs US/CA net-new (06-30)
matternconstruction.com,GCs US/CA net-new (06-30)
matthewsconstruction.com,GCs US/CA net-new (06-30)
mbc.ca,GCs US/CA net-new (06-30)
mbrconstruction.com,GCs US/CA net-new (06-30)
mbsbuilds.com,GCs US/CA net-new (06-30)
mbuilds.ca,GCs US/CA net-new (06-30)
mc-contracting.com,GCs US/CA net-new (06-30)
mcbuilders.net,GCs US/CA net-new (06-30)
mccartydb.com,GCs US/CA net-new (06-30)
mccorkle.com,GCs US/CA net-new (06-30)
mccormickconstruction.com,GCs US/CA net-new (06-30)
mccueninc.com,GCs US/CA net-new (06-30)
mccullough-construction.com,GCs US/CA net-new (06-30)
mcdevittconstruction.com,GCs US/CA net-new (06-30)
mcdowellconstruction.com,GCs US/CA net-new (06-30)
mcfategroup.com,GCs US/CA net-new (06-30)
mcgrathconstruction.com,GCs US/CA net-new (06-30)
mchughconstruction.com,GCs US/CA net-new (06-30)
mcicon.on.ca,GCs US/CA net-new (06-30)
mckinc.net,GCs US/CA net-new (06-30)
mclarney.com,GCs US/CA net-new (06-30)
mclauchlin.com,GCs US/CA net-new (06-30)
mcraeenterprises.com,GCs US/CA net-new (06-30)
mdmservices.com,GCs US/CA net-new (06-30)
meadegroup.biz,GCs US/CA net-new (06-30)
medlockcommercial.com,GCs US/CA net-new (06-30)
medtechconstruction.com,GCs US/CA net-new (06-30)
meffcon.com,GCs US/CA net-new (06-30)
merit-construction.com,GCs US/CA net-new (06-30)
meritconst.com,GCs US/CA net-new (06-30)
meritconstruction.com,GCs US/CA net-new (06-30)
messnergroup.com,GCs US/CA net-new (06-30)
metrocan.com,GCs US/CA net-new (06-30)
metrogeneralcontractorsinc.com,GCs US/CA net-new (06-30)
metrolinabuilders.com,GCs US/CA net-new (06-30)
metropolitancontracting.com,GCs US/CA net-new (06-30)
meyerbuilding.com,GCs US/CA net-new (06-30)
meylanconstruction.com,GCs US/CA net-new (06-30)
mformcg.com,GCs US/CA net-new (06-30)
mhwilliams.com,GCs US/CA net-new (06-30)
michanie.com,GCs US/CA net-new (06-30)
michuda.com,GCs US/CA net-new (06-30)
micsmn.com,GCs US/CA net-new (06-30)
midatlanticcontracting.com,GCs US/CA net-new (06-30)
midhudsoncm.com,GCs US/CA net-new (06-30)
midwestbuilt.com,GCs US/CA net-new (06-30)
midwestconstructionpartners.com,GCs US/CA net-new (06-30)
midwestconstructorsllc.com,GCs US/CA net-new (06-30)
midwestgc.com,GCs US/CA net-new (06-30)
mierau.net,GCs US/CA net-new (06-30)
milamandco.com,GCs US/CA net-new (06-30)
milestone-gc.com,GCs US/CA net-new (06-30)
milestoneconstructionpartners.com,GCs US/CA net-new (06-30)
millerab.com,GCs US/CA net-new (06-30)
millerlapointllc.com,GCs US/CA net-new (06-30)
millerpacificinc.com,GCs US/CA net-new (06-30)
mircconstruction.com,GCs US/CA net-new (06-30)
missionconstruction.com,GCs US/CA net-new (06-30)
mitchelldesignbuild.com,GCs US/CA net-new (06-30)
mjdeanconstruction.com,GCs US/CA net-new (06-30)
mjsettelen.com,GCs US/CA net-new (06-30)
mjwomack.com,GCs US/CA net-new (06-30)
mmbcontractors.com,GCs US/CA net-new (06-30)
modus.ca,GCs US/CA net-new (06-30)
modusbuildllc.com,GCs US/CA net-new (06-30)
moffittbuildersllc.com,GCs US/CA net-new (06-30)
momentumbuilds.com,GCs US/CA net-new (06-30)
monarcconstruction.com,GCs US/CA net-new (06-30)
monarch.build,GCs US/CA net-new (06-30)
monconst.com,GCs US/CA net-new (06-30)
monleyhamlin.com,GCs US/CA net-new (06-30)
moore-cs.com,GCs US/CA net-new (06-30)
morconstruction.ca,GCs US/CA net-new (06-30)
morganconstruction.com,GCs US/CA net-new (06-30)
mosaicconstruction.net,GCs US/CA net-new (06-30)
mpaulgc.com,GCs US/CA net-new (06-30)
mps-team.com,GCs US/CA net-new (06-30)
mrgcm.com,GCs US/CA net-new (06-30)
msbjackson.com,GCs US/CA net-new (06-30)
mshconstruction.com,GCs US/CA net-new (06-30)
mtbuilders.com,GCs US/CA net-new (06-30)
mtmbuildersinc.com,GCs US/CA net-new (06-30)
multiplexllc.com,GCs US/CA net-new (06-30)
mungerconstruction.com,GCs US/CA net-new (06-30)
muterconstruction.com,GCs US/CA net-new (06-30)
mwb-nv.com,GCs US/CA net-new (06-30)
mwcontractors.com,GCs US/CA net-new (06-30)
mwservices.com,GCs US/CA net-new (06-30)
myerscm.com,GCs US/CA net-new (06-30)
myexpresscontracting.com,GCs US/CA net-new (06-30)
myprimecs.com,GCs US/CA net-new (06-30)
myrickconstruction.com,GCs US/CA net-new (06-30)
naccolp.com,GCs US/CA net-new (06-30)
nationalcb.com,GCs US/CA net-new (06-30)
nationalshell.com,GCs US/CA net-new (06-30)
nationwideconstruction.com,GCs US/CA net-new (06-30)
nbmcinc.net,GCs US/CA net-new (06-30)
ncc.net,GCs US/CA net-new (06-30)
ncgllc.com,GCs US/CA net-new (06-30)
ncigc.com,GCs US/CA net-new (06-30)
ncisgf.com,GCs US/CA net-new (06-30)
ncsonesource.com,GCs US/CA net-new (06-30)
nealconstruction.com,GCs US/CA net-new (06-30)
neenan.com,GCs US/CA net-new (06-30)
neighborgall.com,GCs US/CA net-new (06-30)
nelson-construction.com,GCs US/CA net-new (06-30)
nelson-industrial.com,GCs US/CA net-new (06-30)
nelsonhps.com,GCs US/CA net-new (06-30)
neoconstruction.com,GCs US/CA net-new (06-30)
nesbittconstruction.com,GCs US/CA net-new (06-30)
nevgen.com,GCs US/CA net-new (06-30)
newcodb.com,GCs US/CA net-new (06-30)
newpathconstruction.com,GCs US/CA net-new (06-30)
newvistabuildersgroup.com,GCs US/CA net-new (06-30)
nfcc.biz,GCs US/CA net-new (06-30)
nicholsteam.com,GCs US/CA net-new (06-30)
niconbuild.com,GCs US/CA net-new (06-30)
nielsencc.com,GCs US/CA net-new (06-30)
nigroconstruction.com,GCs US/CA net-new (06-30)
nittibldrs.com,GCs US/CA net-new (06-30)
noblebdllc.com,GCs US/CA net-new (06-30)
northagc.com,GCs US/CA net-new (06-30)
northconinc.com,GCs US/CA net-new (06-30)
northerntiercontracting.com,GCs US/CA net-new (06-30)
northpointcm.com,GCs US/CA net-new (06-30)
northridgecg.com,GCs US/CA net-new (06-30)
norwestgc.com,GCs US/CA net-new (06-30)
nosalbuilders.com,GCs US/CA net-new (06-30)
nottinghamconstruction.net,GCs US/CA net-new (06-30)
novelbuilders.com,GCs US/CA net-new (06-30)
nymajor.com,GCs US/CA net-new (06-30)
oakconstruction.com,GCs US/CA net-new (06-30)
obrien-co.com,GCs US/CA net-new (06-30)
obrienrobinson.com,GCs US/CA net-new (06-30)
oclgroup.ca,GCs US/CA net-new (06-30)
octane-llc.com,GCs US/CA net-new (06-30)
odonnellsnider.com,GCs US/CA net-new (06-30)
ohainc.com,GCs US/CA net-new (06-30)
olgoonik.com,GCs US/CA net-new (06-30)
oliverconstruction.com,GCs US/CA net-new (06-30)
oliverhatcher.com,GCs US/CA net-new (06-30)
oliversperryrenovation.com,GCs US/CA net-new (06-30)
omalleygc.com,GCs US/CA net-new (06-30)
omicronaec.com,GCs US/CA net-new (06-30)
omnicommercialgroup.com,GCs US/CA net-new (06-30)
oneillcontractors.com,GCs US/CA net-new (06-30)
onopa.com,GCs US/CA net-new (06-30)
onsite-cg.com,GCs US/CA net-new (06-30)
onyxcontractors.com,GCs US/CA net-new (06-30)
opibuilders.com,GCs US/CA net-new (06-30)
oprex.com,GCs US/CA net-new (06-30)
optimarpm.com,GCs US/CA net-new (06-30)
ordellconstruction.com,GCs US/CA net-new (06-30)
orionconstruction.ca,GCs US/CA net-new (06-30)
orionconstruction.com,GCs US/CA net-new (06-30)
orrbuilders.com,GCs US/CA net-new (06-30)
osagecontractors.com,GCs US/CA net-new (06-30)
osconstructionservices.com,GCs US/CA net-new (06-30)
outlierbuilt.com,GCs US/CA net-new (06-30)
overaa.com,GCs US/CA net-new (06-30)
pacbuildinggroup.com,GCs US/CA net-new (06-30)
pacificconstructionus.com,GCs US/CA net-new (06-30)
pacificcrestweb.com,GCs US/CA net-new (06-30)
pacificridgebuilders.com,GCs US/CA net-new (06-30)
pactechgroup.com,GCs US/CA net-new (06-30)
pagebuildingconstruction.com,GCs US/CA net-new (06-30)
panconstruction.com,GCs US/CA net-new (06-30)
paradigm-construction.com,GCs US/CA net-new (06-30)
paragonforce.com,GCs US/CA net-new (06-30)
patriotconstruction.com,GCs US/CA net-new (06-30)
pattontaylor.com,GCs US/CA net-new (06-30)
paulculverconstruction.com,GCs US/CA net-new (06-30)
paulreedconstruction.com,GCs US/CA net-new (06-30)
paxtonaz.com,GCs US/CA net-new (06-30)
pbsdesignbuild.com,GCs US/CA net-new (06-30)
pcgoc.com,GCs US/CA net-new (06-30)
pci1980.com,GCs US/CA net-new (06-30)
pcsgov.com,GCs US/CA net-new (06-30)
pdgbuilding.com,GCs US/CA net-new (06-30)
pdsdeveloping.com,GCs US/CA net-new (06-30)
pebuilders.com,GCs US/CA net-new (06-30)
pegah.ca,GCs US/CA net-new (06-30)
penaltagroup.com,GCs US/CA net-new (06-30)
percdevelopment.com,GCs US/CA net-new (06-30)
performanceconstruction.us,GCs US/CA net-new (06-30)
perrycontractinginc.com,GCs US/CA net-new (06-30)
perrymgmt.com,GCs US/CA net-new (06-30)
peskaconstruction.com,GCs US/CA net-new (06-30)
petreeco.com,GCs US/CA net-new (06-30)
petrieconstruction.com,GCs US/CA net-new (06-30)
petrocelliinc.com,GCs US/CA net-new (06-30)
phoenixco.biz,GCs US/CA net-new (06-30)
piersonconstruction.net,GCs US/CA net-new (06-30)
pinnaclecommercial.us,GCs US/CA net-new (06-30)
pioneer-construction.com,GCs US/CA net-new (06-30)
pirtleconstruction.com,GCs US/CA net-new (06-30)
pjfcorp.com,GCs US/CA net-new (06-30)
plano-coudon.com,GCs US/CA net-new (06-30)
plus1dc.com,GCs US/CA net-new (06-30)
pmconstruction.us,GCs US/CA net-new (06-30)
podojilbuilders.com,GCs US/CA net-new (06-30)
pomerleau.ca,GCs US/CA net-new (06-30)
porterci.com,GCs US/CA net-new (06-30)
potterconstructionservices.com,GCs US/CA net-new (06-30)
pottergc.com,GCs US/CA net-new (06-30)
powellryka.com,GCs US/CA net-new (06-30)
pravacsi.com,GCs US/CA net-new (06-30)
prayconstruction.com,GCs US/CA net-new (06-30)
prdconstruction.ca,GCs US/CA net-new (06-30)
preciseconstruction.com,GCs US/CA net-new (06-30)
preconflorida.com,GCs US/CA net-new (06-30)
premierconstruction.com,GCs US/CA net-new (06-30)
premierconstructiongroupinc.com,GCs US/CA net-new (06-30)
premierinterior.com,GCs US/CA net-new (06-30)
premiumwestinc.com,GCs US/CA net-new (06-30)
primegc.com,GCs US/CA net-new (06-30)
principleco.com,GCs US/CA net-new (06-30)
prismconstruction.ca,GCs US/CA net-new (06-30)
probldgsystems.com,GCs US/CA net-new (06-30)
procamconstruction.com,GCs US/CA net-new (06-30)
procon-intl.com,GCs US/CA net-new (06-30)
procongc.com,GCs US/CA net-new (06-30)
proconstructionofga.com,GCs US/CA net-new (06-30)
prodigy-cg.com,GCs US/CA net-new (06-30)
prodigy-construction.com,GCs US/CA net-new (06-30)
progressivecci.com,GCs US/CA net-new (06-30)
prosperi.ca,GCs US/CA net-new (06-30)
prostbuilders.com,GCs US/CA net-new (06-30)
psibuilds.com,GCs US/CA net-new (06-30)
psrgc.com,GCs US/CA net-new (06-30)
pumford.com,GCs US/CA net-new (06-30)
pwiconstruction.com,GCs US/CA net-new (06-30)
pyramidcontracting.com,GCs US/CA net-new (06-30)
qacsi.com,GCs US/CA net-new (06-30)
quarryviewbuildinggroup.com,GCs US/CA net-new (06-30)
quattroconstructors.com,GCs US/CA net-new (06-30)
questcontracting.com,GCs US/CA net-new (06-30)
quorumgroup.net,GCs US/CA net-new (06-30)
raamconstruction.com,GCs US/CA net-new (06-30)
radermccary.com,GCs US/CA net-new (06-30)
radixconstruction.com,GCs US/CA net-new (06-30)
raffertyconstruction.net,GCs US/CA net-new (06-30)
ramconst.com,GCs US/CA net-new (06-30)
ramseyconstructioninc.com,GCs US/CA net-new (06-30)
ranon-inc.com,GCs US/CA net-new (06-30)
rauconstruction.com,GCs US/CA net-new (06-30)
raymondconstruction.com,GCs US/CA net-new (06-30)
rbmarks.com,GCs US/CA net-new (06-30)
rccontractors.com,GCs US/CA net-new (06-30)
rch-construction.com,GCs US/CA net-new (06-30)
rcsinc.ca,GCs US/CA net-new (06-30)
realmconstruction.com,GCs US/CA net-new (06-30)
redhawkcontracting.com,GCs US/CA net-new (06-30)
reedbuilders.net,GCs US/CA net-new (06-30)
relamb.com,GCs US/CA net-new (06-30)
reliant-construction.com,GCs US/CA net-new (06-30)
reliantsouth.com,GCs US/CA net-new (06-30)
remcnamara.com,GCs US/CA net-new (06-30)
renaissance-commercial.com,GCs US/CA net-new (06-30)
republicbuilding.com,GCs US/CA net-new (06-30)
reserveconstruction.com,GCs US/CA net-new (06-30)
resmithconst.com,GCs US/CA net-new (06-30)
resolutebuildingcompany.com,GCs US/CA net-new (06-30)
resoluteinc.com,GCs US/CA net-new (06-30)
reyconservices.com,GCs US/CA net-new (06-30)
rfkoerber.com,GCs US/CA net-new (06-30)
rgandersoncompany.com,GCs US/CA net-new (06-30)
rhodesbuildingco.com,GCs US/CA net-new (06-30)
ridgecorp.net,GCs US/CA net-new (06-30)
riggsharrod.com,GCs US/CA net-new (06-30)
ringland.com,GCs US/CA net-new (06-30)
rinnovollc.com,GCs US/CA net-new (06-30)
riseconstructiontx.com,GCs US/CA net-new (06-30)
ritzbuilds.com,GCs US/CA net-new (06-30)
riverstone.build,GCs US/CA net-new (06-30)
rizecon.com,GCs US/CA net-new (06-30)
rjryan.com,GCs US/CA net-new (06-30)
rjs-construction.ca,GCs US/CA net-new (06-30)
rlhillmgmt.com,GCs US/CA net-new (06-30)
rmillerinc.com,GCs US/CA net-new (06-30)
roarkeconstruction.com,GCs US/CA net-new (06-30)
robinsonconstructioninc.net,GCs US/CA net-new (06-30)
rockawayconstruction.com,GCs US/CA net-new (06-30)
rockmorecontracting.com,GCs US/CA net-new (06-30)
roebbelen.com,GCs US/CA net-new (06-30)
roebuckbuildings.com,GCs US/CA net-new (06-30)
rogerhickelcontracting.com,GCs US/CA net-new (06-30)
rogerswillard.com,GCs US/CA net-new (06-30)
rolinbuilds.com,GCs US/CA net-new (06-30)
rossclair.ca,GCs US/CA net-new (06-30)
rouseconstruction.com,GCs US/CA net-new (06-30)
roycecs.com,GCs US/CA net-new (06-30)
rpaconst.com,GCs US/CA net-new (06-30)
rpvalois.com,GCs US/CA net-new (06-30)
rrccontractors.com,GCs US/CA net-new (06-30)
rrpaccon.com,GCs US/CA net-new (06-30)
rtcc.net,GCs US/CA net-new (06-30)
rubiconbuilders.com,GCs US/CA net-new (06-30)
rushinc.com,GCs US/CA net-new (06-30)
russcoinc.com,GCs US/CA net-new (06-30)
russellala.com,GCs US/CA net-new (06-30)
ruthcon.ca,GCs US/CA net-new (06-30)
rutledgeconstruction.com,GCs US/CA net-new (06-30)
rvaconstruction.com,GCs US/CA net-new (06-30)
rwcarlstrom.com,GCs US/CA net-new (06-30)
rwedesignbuild.com,GCs US/CA net-new (06-30)
ryseconstruct.com,GCs US/CA net-new (06-30)
s-bconstruction.com,GCs US/CA net-new (06-30)
s-r-construction.com,GCs US/CA net-new (06-30)
sacaseyconstruction.com,GCs US/CA net-new (06-30)
sagomacs.com,GCs US/CA net-new (06-30)
saindustries.com,GCs US/CA net-new (06-30)
salterconst.com,GCs US/CA net-new (06-30)
sandscontractors.com,GCs US/CA net-new (06-30)
sawyersinc.com,GCs US/CA net-new (06-30)
saywellcontracting.com,GCs US/CA net-new (06-30)
sbg-commercial.com,GCs US/CA net-new (06-30)
scgamerica.com,GCs US/CA net-new (06-30)
schaefercompany.com,GCs US/CA net-new (06-30)
schaeferconstruction.com,GCs US/CA net-new (06-30)
scheinercg.com,GCs US/CA net-new (06-30)
schipperconstruction.com,GCs US/CA net-new (06-30)
schoppman.com,GCs US/CA net-new (06-30)
scibuild.com,GCs US/CA net-new (06-30)
sciteam.com,GCs US/CA net-new (06-30)
scmi-inc.com,GCs US/CA net-new (06-30)
scuddergeneral.com,GCs US/CA net-new (06-30)
seaforthltd.com,GCs US/CA net-new (06-30)
seagatecontract.com,GCs US/CA net-new (06-30)
seashorebuilders.net,GCs US/CA net-new (06-30)
seaton-construction.com,GCs US/CA net-new (06-30)
seawoodbuilders.com,GCs US/CA net-new (06-30)
senatebuilders.com,GCs US/CA net-new (06-30)
sentinel-builders.com,GCs US/CA net-new (06-30)
serenusjohnson.com,GCs US/CA net-new (06-30)
serfassconstruction.com,GCs US/CA net-new (06-30)
servcobuilders.com,GCs US/CA net-new (06-30)
shaffieldbuilding.com,GCs US/CA net-new (06-30)
sharpconstruction.com,GCs US/CA net-new (06-30)
sharpgc.com,GCs US/CA net-new (06-30)
shawmut.com,GCs US/CA net-new (06-30)
shfcontracting.com,GCs US/CA net-new (06-30)
shieldscc.com,GCs US/CA net-new (06-30)
shieldsteam.com,GCs US/CA net-new (06-30)
shreejibuilder.com,GCs US/CA net-new (06-30)
shunda.ca,GCs US/CA net-new (06-30)
sidcan.ca,GCs US/CA net-new (06-30)
sierracc.com,GCs US/CA net-new (06-30)
sierraview.com,GCs US/CA net-new (06-30)
signatureprojects.com,GCs US/CA net-new (06-30)
silva-contracting.com,GCs US/CA net-new (06-30)
similebuilt.com,GCs US/CA net-new (06-30)
simmonsbak.com,GCs US/CA net-new (06-30)
sircalcontracting.com,GCs US/CA net-new (06-30)
sirenconstruct.com,GCs US/CA net-new (06-30)
sirisusa.com,GCs US/CA net-new (06-30)
siriusbuildingcompany.com,GCs US/CA net-new (06-30)
sitkawest.com,GCs US/CA net-new (06-30)
siwekcc.com,GCs US/CA net-new (06-30)
skeptonconstruction.com,GCs US/CA net-new (06-30)
skmturnkey.com,GCs US/CA net-new (06-30)
slateconstruction.com,GCs US/CA net-new (06-30)
smithconstructioninc.com,GCs US/CA net-new (06-30)
smithdcc.com,GCs US/CA net-new (06-30)
smithsonnet.com,GCs US/CA net-new (06-30)
smjconstruction.com,GCs US/CA net-new (06-30)
snydercg.com,GCs US/CA net-new (06-30)
soco-contracting.com,GCs US/CA net-new (06-30)
solidbuildersconstruction.com,GCs US/CA net-new (06-30)
solidconstruction.ca,GCs US/CA net-new (06-30)
soundtex.ca,GCs US/CA net-new (06-30)
sourcesf.com,GCs US/CA net-new (06-30)
southriver.com,GCs US/CA net-new (06-30)
southsideco.com,GCs US/CA net-new (06-30)
spcinc.com,GCs US/CA net-new (06-30)
spectrumincgc.com,GCs US/CA net-new (06-30)
speedwellconstruction.com,GCs US/CA net-new (06-30)
spiekercompany.com,GCs US/CA net-new (06-30)
spk.com,GCs US/CA net-new (06-30)
springhillcon.com,GCs US/CA net-new (06-30)
sqc.us,GCs US/CA net-new (06-30)
squarefootconstruction.com,GCs US/CA net-new (06-30)
ssbuildersllc.com,GCs US/CA net-new (06-30)
standardcnst.com,GCs US/CA net-new (06-30)
stanmar-inc.com,GCs US/CA net-new (06-30)
statecontracting.com,GCs US/CA net-new (06-30)
steelworkscon.com,GCs US/CA net-new (06-30)
stellarj.com,GCs US/CA net-new (06-30)
stenzcorp.com,GCs US/CA net-new (06-30)
sterlingconstruct.com,GCs US/CA net-new (06-30)
stewartbuildersgc.com,GCs US/CA net-new (06-30)
stockcms.com,GCs US/CA net-new (06-30)
stockmeister.com,GCs US/CA net-new (06-30)
stoddardgc.com,GCs US/CA net-new (06-30)
stonemillconst.com,GCs US/CA net-new (06-30)
storee.com,GCs US/CA net-new (06-30)
strackco.com,GCs US/CA net-new (06-30)
stracor.ca,GCs US/CA net-new (06-30)
straightwayconstruction.com,GCs US/CA net-new (06-30)
straticon.com,GCs US/CA net-new (06-30)
streamlineusa.com,GCs US/CA net-new (06-30)
struct-con.ca,GCs US/CA net-new (06-30)
structuralassociates.com,GCs US/CA net-new (06-30)
struxc.com,GCs US/CA net-new (06-30)
strykerconstruction.net,GCs US/CA net-new (06-30)
stuartandcompany.com,GCs US/CA net-new (06-30)
sullivan-corp.com,GCs US/CA net-new (06-30)
sullivan.ca,GCs US/CA net-new (06-30)
sullivanconstruction.com,GCs US/CA net-new (06-30)
sullivandesignbuild.com,GCs US/CA net-new (06-30)
summitconstruction.com,GCs US/CA net-new (06-30)
summitdevgrp.com,GCs US/CA net-new (06-30)
sumobuilders.com,GCs US/CA net-new (06-30)
sunbeltbuilders.com,GCs US/CA net-new (06-30)
sunconstruction.com,GCs US/CA net-new (06-30)
suneaglecorporation.com,GCs US/CA net-new (06-30)
sunkotaconstruction.com,GCs US/CA net-new (06-30)
sunpeak.com,GCs US/CA net-new (06-30)
sunriseconstruction.ca,GCs US/CA net-new (06-30)
sunseriassociates.com,GCs US/CA net-new (06-30)
superiorprojects.ca,GCs US/CA net-new (06-30)
surgitechservices.com,GCs US/CA net-new (06-30)
swattsgroup.com,GCs US/CA net-new (06-30)
sworksconstruction.com,GCs US/CA net-new (06-30)
symmetryconst.com,GCs US/CA net-new (06-30)
synchrocorp.com,GCs US/CA net-new (06-30)
syncraconstruction.com,GCs US/CA net-new (06-30)
t-n.com,GCs US/CA net-new (06-30)
tackbuilders.com,GCs US/CA net-new (06-30)
tancogc.com,GCs US/CA net-new (06-30)
tashconcorp.com,GCs US/CA net-new (06-30)
taslimi.com,GCs US/CA net-new (06-30)
tatco.construction,GCs US/CA net-new (06-30)
tcccorp.net,GCs US/CA net-new (06-30)
tcgbuilders.com,GCs US/CA net-new (06-30)
teamacs.net,GCs US/CA net-new (06-30)
teambuzick.com,GCs US/CA net-new (06-30)
teamcci.net,GCs US/CA net-new (06-30)
teamcrminc.com,GCs US/CA net-new (06-30)
teamparadigm.com,GCs US/CA net-new (06-30)
teamwrkx.com,GCs US/CA net-new (06-30)
teccm.com,GCs US/CA net-new (06-30)
tech24construction.com,GCs US/CA net-new (06-30)
technico-csi.com,GCs US/CA net-new (06-30)
tegrity-contractors.com,GCs US/CA net-new (06-30)
telescoconstruction.com,GCs US/CA net-new (06-30)
tenpointservicestx.com,GCs US/CA net-new (06-30)
tepcon.com,GCs US/CA net-new (06-30)
terrapacificinc.com,GCs US/CA net-new (06-30)
tesc.com,GCs US/CA net-new (06-30)
testerconstruction.com,GCs US/CA net-new (06-30)
tfpowers.com,GCs US/CA net-new (06-30)
thebarriecompany.com,GCs US/CA net-new (06-30)
thebluerivergroup.com,GCs US/CA net-new (06-30)
thebridgegc.com,GCs US/CA net-new (06-30)
thegroup3.com,GCs US/CA net-new (06-30)
themccloudgroup.com,GCs US/CA net-new (06-30)
themitchellgroup.net,GCs US/CA net-new (06-30)
therossgrp.com,GCs US/CA net-new (06-30)
thetemplegroup.com,GCs US/CA net-new (06-30)
theupcompanies.com,GCs US/CA net-new (06-30)
thinkgoodman.com,GCs US/CA net-new (06-30)
thompsonbuilds.com,GCs US/CA net-new (06-30)
thorndaleconstruction.com,GCs US/CA net-new (06-30)
threewaybuilders.com,GCs US/CA net-new (06-30)
thsconstruction.com,GCs US/CA net-new (06-30)
tibuilders.biz,GCs US/CA net-new (06-30)
tibuilders.com,GCs US/CA net-new (06-30)
ticontexas.com,GCs US/CA net-new (06-30)
tidalconstructiongroup.com,GCs US/CA net-new (06-30)
tiptonbuildings.com,GCs US/CA net-new (06-30)
tisusa.com,GCs US/CA net-new (06-30)
titanconstructionservices.com,GCs US/CA net-new (06-30)
tkiconstruction.ca,GCs US/CA net-new (06-30)
tlpi.ca,GCs US/CA net-new (06-30)
tmgconst.com,GCs US/CA net-new (06-30)
tomhallcontracting.com,GCs US/CA net-new (06-30)
tomjonescorp.com,GCs US/CA net-new (06-30)
toozconstruction.com,GCs US/CA net-new (06-30)
tracbuilders.com,GCs US/CA net-new (06-30)
tradesmithe.com,GCs US/CA net-new (06-30)
trainorconstruction.com,GCs US/CA net-new (06-30)
trebuilders.com,GCs US/CA net-new (06-30)
tri-north.com,GCs US/CA net-new (06-30)
triadrc.com,GCs US/CA net-new (06-30)
triarc-llc.com,GCs US/CA net-new (06-30)
triconbuilds.com,GCs US/CA net-new (06-30)
tricorp-group.com,GCs US/CA net-new (06-30)
tridentconcrete.com,GCs US/CA net-new (06-30)
tridentconstructiongroup.com,GCs US/CA net-new (06-30)
trilogyconstruction.com,GCs US/CA net-new (06-30)
triple-construction.com,GCs US/CA net-new (06-30)
triplecrownconstruction.com,GCs US/CA net-new (06-30)
triply.com,GCs US/CA net-new (06-30)
troopcontracting.com,GCs US/CA net-new (06-30)
trossbrothers.com,GCs US/CA net-new (06-30)
truelinebuilders.com,GCs US/CA net-new (06-30)
trustkendall.com,GCs US/CA net-new (06-30)
tsargent.com,GCs US/CA net-new (06-30)
tuckman.com,GCs US/CA net-new (06-30)
tuparks.com,GCs US/CA net-new (06-30)
twcc-llc.com,GCs US/CA net-new (06-30)
twccontracting.com,GCs US/CA net-new (06-30)
tyler2construction.com,GCs US/CA net-new (06-30)
udccorporation.com,GCs US/CA net-new (06-30)
ultracompany.com,GCs US/CA net-new (06-30)
unitechbuilderscorp.com,GCs US/CA net-new (06-30)
unitedconstruction.com,GCs US/CA net-new (06-30)
universalm.com,GCs US/CA net-new (06-30)
universalmoney.com,GCs US/CA net-new (06-30)
urbacon.net,GCs US/CA net-new (06-30)
urbanconstructionco.com,GCs US/CA net-new (06-30)
urbancoreva.com,GCs US/CA net-new (06-30)
usconstructioncorp.com,GCs US/CA net-new (06-30)
uwmarx.com,GCs US/CA net-new (06-30)
valentibuilders.com,GCs US/CA net-new (06-30)
valiantconstruct.com,GCs US/CA net-new (06-30)
valiantgrouplink.com,GCs US/CA net-new (06-30)
valleyrain.com,GCs US/CA net-new (06-30)
vantageconstructionllc.com,GCs US/CA net-new (06-30)
vantis.net,GCs US/CA net-new (06-30)
velizconstruction.com,GCs US/CA net-new (06-30)
venergygroup.com,GCs US/CA net-new (06-30)
ventanaconstruction.com,GCs US/CA net-new (06-30)
vercetti.net,GCs US/CA net-new (06-30)
verdex.com,GCs US/CA net-new (06-30)
verkler.com,GCs US/CA net-new (06-30)
versaconinc.com,GCs US/CA net-new (06-30)
verteccorp.com,GCs US/CA net-new (06-30)
verticalconstruction.com,GCs US/CA net-new (06-30)
vestacon.ca,GCs US/CA net-new (06-30)
victoretfrancois.com,GCs US/CA net-new (06-30)
vikingec.com,GCs US/CA net-new (06-30)
vincent-construction.com,GCs US/CA net-new (06-30)
viscongc.com,GCs US/CA net-new (06-30)
visiblecc.com,GCs US/CA net-new (06-30)
vmjrcompanies.com,GCs US/CA net-new (06-30)
vortexconstruction.net,GCs US/CA net-new (06-30)
vpacconstruction.com,GCs US/CA net-new (06-30)
w4cg.com,GCs US/CA net-new (06-30)
wackgc.com,GCs US/CA net-new (06-30)
waklinger.com,GCs US/CA net-new (06-30)
waldropconstruction.com,GCs US/CA net-new (06-30)
walshbrothers.com,GCs US/CA net-new (06-30)
warrenbuilds.us,GCs US/CA net-new (06-30)
wasatchstructures.com,GCs US/CA net-new (06-30)
watermangc.com,GCs US/CA net-new (06-30)
watson-forsberg.com,GCs US/CA net-new (06-30)
watt-db.us,GCs US/CA net-new (06-30)
wattsconst.com,GCs US/CA net-new (06-30)
waynecontracting.com,GCs US/CA net-new (06-30)
wbkconstruction.com,GCs US/CA net-new (06-30)
wccgc.com,GCs US/CA net-new (06-30)
wcconstructioncompany.com,GCs US/CA net-new (06-30)
wcirichmond.com,GCs US/CA net-new (06-30)
wcpg.ca,GCs US/CA net-new (06-30)
webconmankato.com,GCs US/CA net-new (06-30)
webmyersconstruction.com,GCs US/CA net-new (06-30)
weekesconstruction.com,GCs US/CA net-new (06-30)
weiss-services.com,GCs US/CA net-new (06-30)
wellmanzuck.com,GCs US/CA net-new (06-30)
welyons.com,GCs US/CA net-new (06-30)
westbroadwayco.com,GCs US/CA net-new (06-30)
westcoconstruction.ca,GCs US/CA net-new (06-30)
westernbuilders.com,GCs US/CA net-new (06-30)
westmarkconst.com,GCs US/CA net-new (06-30)
westviewprojects.com,GCs US/CA net-new (06-30)
westwind.build,GCs US/CA net-new (06-30)
wfbuilt.com,GCs US/CA net-new (06-30)
wh-gc.com,GCs US/CA net-new (06-30)
whitesell-green.com,GCs US/CA net-new (06-30)
wiercc.com,GCs US/CA net-new (06-30)
wilcoxconstruction.com,GCs US/CA net-new (06-30)
wilkinsonconstructioncompany.com,GCs US/CA net-new (06-30)
williamsco.com,GCs US/CA net-new (06-30)
williamsconst.com,GCs US/CA net-new (06-30)
withrossgroup.com,GCs US/CA net-new (06-30)
wjnorthridge.com,GCs US/CA net-new (06-30)
wjrconstruction.com,GCs US/CA net-new (06-30)
wkmsolutions.net,GCs US/CA net-new (06-30)
wlmcnatt.com,GCs US/CA net-new (06-30)
wmgconsult.com,GCs US/CA net-new (06-30)
woodbecker.com,GCs US/CA net-new (06-30)
woodbineconstruction.com,GCs US/CA net-new (06-30)
woolseydesignbuild.com,GCs US/CA net-new (06-30)
workmancommercial.com,GCs US/CA net-new (06-30)
wpsgc.com,GCs US/CA net-new (06-30)
wrightconstruction.ca,GCs US/CA net-new (06-30)
wuassociates.com,GCs US/CA net-new (06-30)
wwbuildersinc.com,GCs US/CA net-new (06-30)
wyattbuilds.com,GCs US/CA net-new (06-30)
yorkconstruction.com,GCs US/CA net-new (06-30)
youngcontracting.com,GCs US/CA net-new (06-30)
z2construction.com,GCs US/CA net-new (06-30)
zackerymichael.com,GCs US/CA net-new (06-30)
zconbuilders.com,GCs US/CA net-new (06-30)
zconstructors.com,GCs US/CA net-new (06-30)
zdgllc.com,GCs US/CA net-new (06-30)
zellerconstruction.com,GCs US/CA net-new (06-30)
zgemi.com,GCs US/CA net-new (06-30)
